[2026-02-06 19:34:10,848] INFO: ======================================================================
[2026-02-06 19:34:10,848] INFO: INICIANDO JOBSPEED - SPRINT 1
[2026-02-06 19:34:10,849] INFO: Timestamp: 2026-02-06 19:34:10
[2026-02-06 19:34:10,849] INFO: ======================================================================
[2026-02-06 19:34:10,849] INFO: 
[1/3] Iniciando Collector...
[2026-02-06 19:34:10,849] INFO: Iniciando búsqueda: 'python developer' - Cantidad: 50
[2026-02-06 19:34:11,195] ERROR: Error de conexión: 403 Client Error: Forbidden for url: https://indeed.com/jobs?q=python%20developer&l=&limit=50
[2026-02-06 19:34:11,195] ERROR: No se extrajeron ofertas. Abortando.
[2026-02-06 19:34:31,256] INFO: ======================================================================
[2026-02-06 19:34:31,256] INFO: JOBSPEED SPRINT 1 - TEST EXECUTION
[2026-02-06 19:34:31,256] INFO: Timestamp: 2026-02-06 19:34:31
[2026-02-06 19:34:31,256] INFO: ======================================================================
[2026-02-06 19:34:31,256] INFO: 
[1/3] Collector (SIMULADO)...
[2026-02-06 19:34:31,256] INFO: 
[2/3] Parser (SIMULADO)...
[2026-02-06 19:34:31,256] INFO: 
[3/3] Almacenando en CSV...
[2026-02-06 19:34:31,285] INFO: Leídas 5 ofertas del CSV
[2026-02-06 19:34:31,285] INFO: 
[VERIFICACIÓN] Leyendo CSV...
[2026-02-06 19:34:31,285] INFO: Leídas 5 ofertas del CSV
[2026-02-06 19:34:31,285] INFO: 
======================================================================
[2026-02-06 19:34:31,285] INFO: Total de ofertas: 5
[2026-02-06 19:34:31,285] INFO: Empresas únicas: 5
[2026-02-06 19:34:31,285] INFO: Ubicaciones únicas: 4
[2026-02-06 19:34:31,285] INFO: CSV guardado en: data/ofertas.csv
[2026-02-06 19:34:31,285] INFO: ======================================================================
[2026-02-06 19:34:31,285] INFO: Para usar datos reales, se necesita resolver el acceso a Indeed o usar otra fuente.
[2026-02-06 19:35:08,019] INFO: ======================================================================
[2026-02-06 19:35:08,019] INFO: JOBSPEED SPRINT 1 - TEST EXECUTION
[2026-02-06 19:35:08,019] INFO: Timestamp: 2026-02-06 19:35:08
[2026-02-06 19:35:08,019] INFO: ======================================================================
[2026-02-06 19:35:08,019] INFO: 
[1/3] Collector (SIMULADO)...
[2026-02-06 19:35:08,019] INFO: [OK] Ofertas extraídas (test): 5
[2026-02-06 19:35:08,019] INFO: 
[2/3] Parser (SIMULADO)...
[2026-02-06 19:35:08,019] INFO: [OK] Ofertas procesadas: 5
[2026-02-06 19:35:08,019] INFO: 
[3/3] Almacenando en CSV...
[2026-02-06 19:35:08,019] INFO: CSV existente. Verificando duplicados...
[2026-02-06 19:35:08,019] INFO: Todas las ofertas ya existen en el CSV
[2026-02-06 19:35:08,019] INFO: Leídas 5 ofertas del CSV
[2026-02-06 19:35:08,019] INFO: [OK] CSV Actualizado. Estadísticas: {'total_ofertas': 5, 'empresas_unicas': 5, 'ubicaciones_unicas': 4, 'salarios_disponibles': 5}
[2026-02-06 19:35:08,019] INFO: 
[VERIFICACION] Leyendo CSV...
[2026-02-06 19:35:08,019] INFO: Leídas 5 ofertas del CSV
[2026-02-06 19:35:08,019] INFO: [OK] Total en CSV: 5 ofertas
[2026-02-06 19:35:08,019] INFO: [OK] Columnas: ['id', 'titulo', 'empresa', 'ubicacion', 'salario', 'descripcion', 'url', 'fecha_extraccion']
[2026-02-06 19:35:08,019] INFO: 
======================================================================
[2026-02-06 19:35:08,019] INFO: [SUCCESS] PIPELINE TEST EJECUTADO EXITOSAMENTE
[2026-02-06 19:35:08,019] INFO: Total de ofertas: 5
[2026-02-06 19:35:08,019] INFO: Empresas unicas: 5
[2026-02-06 19:35:08,019] INFO: Ubicaciones unicas: 4
[2026-02-06 19:35:08,019] INFO: CSV guardado en: data/ofertas.csv
[2026-02-06 19:35:08,019] INFO: ======================================================================
[2026-02-06 19:35:08,019] INFO: 
[NOTE] Esta es una prueba con datos simulados.
[2026-02-06 19:35:08,019] INFO: Para usar datos reales, se necesita resolver el acceso a Indeed o usar otra fuente.
[2026-02-06 19:38:21,286] INFO: ======================================================================
[2026-02-06 19:38:21,286] INFO: JOBSPEED SPRINT 1 - TEST EXECUTION
[2026-02-06 19:38:21,286] INFO: Timestamp: 2026-02-06 19:38:21
[2026-02-06 19:38:21,286] INFO: ======================================================================
[2026-02-06 19:38:21,286] INFO: 
[1/3] Collector (SIMULADO)...
[2026-02-06 19:38:21,287] INFO: [OK] Ofertas extraídas (test): 5
[2026-02-06 19:38:21,287] INFO: 
[2/3] Parser (SIMULADO)...
[2026-02-06 19:38:21,287] INFO: [OK] Ofertas procesadas: 5
[2026-02-06 19:38:21,287] INFO: 
[3/3] Almacenando en CSV...
[2026-02-06 19:38:21,288] INFO: CSV existente. Verificando duplicados...
[2026-02-06 19:38:21,291] INFO: Todas las ofertas ya existen en el CSV
[2026-02-06 19:38:21,292] INFO: Leídas 5 ofertas del CSV
[2026-02-06 19:38:21,293] INFO: [OK] CSV Actualizado. Estadísticas: {'total_ofertas': 5, 'empresas_unicas': 5, 'ubicaciones_unicas': 4, 'salarios_disponibles': 5}
[2026-02-06 19:38:21,293] INFO: 
[VERIFICACION] Leyendo CSV...
[2026-02-06 19:38:21,294] INFO: Leídas 5 ofertas del CSV
[2026-02-06 19:38:21,294] INFO: [OK] Total en CSV: 5 ofertas
[2026-02-06 19:38:21,294] INFO: [OK] Columnas: ['id', 'titulo', 'empresa', 'ubicacion', 'salario', 'descripcion', 'url', 'fecha_extraccion']
[2026-02-06 19:38:21,294] INFO: 
======================================================================
[2026-02-06 19:38:21,294] INFO: [SUCCESS] PIPELINE TEST EJECUTADO EXITOSAMENTE
[2026-02-06 19:38:21,294] INFO: Total de ofertas: 5
[2026-02-06 19:38:21,295] INFO: Empresas unicas: 5
[2026-02-06 19:38:21,295] INFO: Ubicaciones unicas: 4
[2026-02-06 19:38:21,295] INFO: CSV guardado en: data/ofertas.csv
[2026-02-06 19:38:21,295] INFO: ======================================================================
[2026-02-06 19:38:21,295] INFO: 
[NOTE] Esta es una prueba con datos simulados.
[2026-02-06 19:38:21,295] INFO: Para usar datos reales, se necesita resolver el acceso a Indeed o usar otra fuente.
[2026-02-06 19:40:31,885] INFO: ======================================================================
[2026-02-06 19:40:31,885] INFO: JOBSPEED SPRINT 1 - SCRAPING INDIRECTO
[2026-02-06 19:40:31,886] INFO: Timestamp: 2026-02-06 19:40:31
[2026-02-06 19:40:31,886] INFO: ======================================================================
[2026-02-06 19:40:31,886] INFO: 
[1/3] Collector (Búsqueda Indirecta - Google/DuckDuckGo)...
[2026-02-06 19:40:31,886] INFO: Iniciando búsqueda indirecta: 'python developer'  - Cantidad estimada: 20
[2026-02-06 19:40:31,886] INFO: Query Google: site:indeed.com python developer
[2026-02-06 19:40:33,138] INFO: URLs extraídas de búsqueda: 0
[2026-02-06 19:40:33,138] INFO: Buscando URLs adicionales de manera directa...
[2026-02-06 19:40:33,447] WARNING: Indeed retorna 403 en búsqueda directa - continuando con URLs de búsqueda anterior
[2026-02-06 19:40:33,448] WARNING: No se encontraron URLs de Indeed en Google
[2026-02-06 19:40:33,448] WARNING: No se extrajeron ofertas. Intentando con búsqueda alternativa...
[2026-02-06 19:40:33,448] INFO: Iniciando búsqueda indirecta: 'python'  - Cantidad estimada: 15
[2026-02-06 19:40:33,448] INFO: Query Google: site:indeed.com python
[2026-02-06 19:40:33,636] INFO: URLs extraídas de búsqueda: 0
[2026-02-06 19:40:33,636] INFO: Buscando URLs adicionales de manera directa...
[2026-02-06 19:40:33,939] WARNING: Indeed retorna 403 en búsqueda directa - continuando con URLs de búsqueda anterior
[2026-02-06 19:40:33,939] WARNING: No se encontraron URLs de Indeed en Google
[2026-02-06 19:40:33,939] ERROR: No se pudieron extraer ofertas. Abortando.
[2026-02-06 19:41:29,147] INFO: ======================================================================
[2026-02-06 19:41:29,148] INFO: JOBSPEED SPRINT 1 - SCRAPING INDIRECTO (OPCION A)
[2026-02-06 19:41:29,148] INFO: Timestamp: 2026-02-06 19:41:29
[2026-02-06 19:41:29,148] INFO: ======================================================================
[2026-02-06 19:41:29,148] INFO: 
[1/3] Collector (Búsqueda Indirecta- Bing + Búsqueda Directa Mejorada)...
[2026-02-06 19:41:29,148] INFO: Iniciando búsqueda indirecta: 'python developer'  - Cantidad estimada: 25
[2026-02-06 19:41:29,148] INFO: Query Google: site:indeed.com python developer
[2026-02-06 19:41:29,646] INFO: URLs extraídas de Bing: 0
[2026-02-06 19:41:29,646] INFO: Complementando con búsqueda directa mejorada...
[2026-02-06 19:41:29,646] ERROR: Error en búsqueda Bing: 'Collector' object has no attribute '_obtener_urls_directas_mejorado'
[2026-02-06 19:41:29,646] ERROR: Error en búsqueda: 'Collector' object has no attribute '_obtener_urls_directas_mejorado'
[2026-02-06 19:41:29,646] WARNING: No se extrajeron URLs reales. Usando datos de prueba para demostrar funcionamiento...
[2026-02-06 19:41:29,647] INFO: Deduplicación: 0 ofertas únicas
[2026-02-06 19:41:29,647] INFO: [OK] URLs extraídas y deduplicadas: 0
[2026-02-06 19:41:29,647] INFO: 
Primeras URLs (sin procesar todavía):
[2026-02-06 19:41:29,647] INFO: 
[2/3] Parser (Extracción de datos)...
[2026-02-06 19:41:29,647] INFO: Iniciando procesamiento de 0 ofertas
[2026-02-06 19:41:29,648] WARNING: No se procesaron ofertas. Puede deberse a restricciones de Indeed.
[2026-02-06 19:41:29,648] INFO: Usando datos simulados para completar pipeline...
[2026-02-06 19:41:29,649] INFO: [OK] Ofertas procesadas: 0
[2026-02-06 19:41:29,649] INFO: 
[3/3] Almacenando en CSV...
[2026-02-06 19:41:29,649] WARNING: No hay ofertas para guardar
[2026-02-06 19:41:29,649] ERROR: Error guardando ofertas.
[2026-02-06 19:42:05,581] INFO: ======================================================================
[2026-02-06 19:42:05,581] INFO: JOBSPEED SPRINT 1 - SCRAPING INDIRECTO (OPCION A)
[2026-02-06 19:42:05,581] INFO: Timestamp: 2026-02-06 19:42:05
[2026-02-06 19:42:05,581] INFO: ======================================================================
[2026-02-06 19:42:05,581] INFO: 
[1/3] Collector (Búsqueda Indirecta- Bing + Búsqueda Directa Mejorada)...
[2026-02-06 19:42:05,581] INFO: Iniciando búsqueda indirecta: 'python developer'  - Cantidad estimada: 25
[2026-02-06 19:42:05,581] INFO: Query Google: site:indeed.com python developer
[2026-02-06 19:42:06,131] INFO: URLs extraídas de Bing: 0
[2026-02-06 19:42:06,131] INFO: Complementando con búsqueda directa mejorada...
[2026-02-06 19:42:07,016] INFO: URLs directas obtenidas: 0
[2026-02-06 19:42:07,017] WARNING: No se encontraron URLs de Indeed en Google
[2026-02-06 19:42:07,018] WARNING: No se extrajeron URLs reales. Usando datos de prueba para demostrar funcionamiento...
[2026-02-06 19:42:07,018] INFO: [OK] URLs extraídas y deduplicadas: 25
[2026-02-06 19:42:07,018] INFO: 
Primeras URLs (sin procesar todavía):
[2026-02-06 19:42:07,018] INFO:   1. https://indeed.com/viewjob?jk=abcd00000efgh...
[2026-02-06 19:42:07,018] INFO:   2. https://indeed.com/viewjob?jk=abcd00001efgh...
[2026-02-06 19:42:07,018] INFO:   3. https://indeed.com/viewjob?jk=abcd00002efgh...
[2026-02-06 19:42:07,018] INFO: 
[2/3] Parser (Extracción de datos)...
[2026-02-06 19:42:07,018] INFO: Iniciando procesamiento de 25 ofertas
[2026-02-06 19:42:07,275] ERROR: Error extrayendo detalles: 403 Client Error: Forbidden for url: https://indeed.com/viewjob?jk=abcd00000efgh
[2026-02-06 19:42:07,579] ERROR: Error extrayendo detalles: 403 Client Error: Forbidden for url: https://indeed.com/viewjob?jk=abcd00001efgh
[2026-02-06 19:42:07,846] ERROR: Error extrayendo detalles: 403 Client Error: Forbidden for url: https://indeed.com/viewjob?jk=abcd00002efgh
[2026-02-06 19:42:08,144] ERROR: Error extrayendo detalles: 403 Client Error: Forbidden for url: https://indeed.com/viewjob?jk=abcd00003efgh
[2026-02-06 19:42:08,434] ERROR: Error extrayendo detalles: 403 Client Error: Forbidden for url: https://indeed.com/viewjob?jk=abcd00004efgh
[2026-02-06 19:42:08,755] ERROR: Error extrayendo detalles: 403 Client Error: Forbidden for url: https://indeed.com/viewjob?jk=abcd00005efgh
[2026-02-06 19:42:09,050] ERROR: Error extrayendo detalles: 403 Client Error: Forbidden for url: https://indeed.com/viewjob?jk=abcd00006efgh
[2026-02-06 19:42:09,327] ERROR: Error extrayendo detalles: 403 Client Error: Forbidden for url: https://indeed.com/viewjob?jk=abcd00007efgh
[2026-02-06 19:42:09,600] ERROR: Error extrayendo detalles: 403 Client Error: Forbidden for url: https://indeed.com/viewjob?jk=abcd00008efgh
[2026-02-06 19:42:09,896] ERROR: Error extrayendo detalles: 403 Client Error: Forbidden for url: https://indeed.com/viewjob?jk=abcd00009efgh
[2026-02-06 19:42:10,197] ERROR: Error extrayendo detalles: 403 Client Error: Forbidden for url: https://indeed.com/viewjob?jk=abcd00010efgh
[2026-02-06 19:42:10,498] ERROR: Error extrayendo detalles: 403 Client Error: Forbidden for url: https://indeed.com/viewjob?jk=abcd00011efgh
[2026-02-06 19:42:10,831] ERROR: Error extrayendo detalles: 403 Client Error: Forbidden for url: https://indeed.com/viewjob?jk=abcd00012efgh
[2026-02-06 19:42:11,138] ERROR: Error extrayendo detalles: 403 Client Error: Forbidden for url: https://indeed.com/viewjob?jk=abcd00013efgh
[2026-02-06 19:42:11,415] ERROR: Error extrayendo detalles: 403 Client Error: Forbidden for url: https://indeed.com/viewjob?jk=abcd00014efgh
[2026-02-06 19:42:11,714] ERROR: Error extrayendo detalles: 403 Client Error: Forbidden for url: https://indeed.com/viewjob?jk=abcd00015efgh
[2026-02-06 19:42:11,986] ERROR: Error extrayendo detalles: 403 Client Error: Forbidden for url: https://indeed.com/viewjob?jk=abcd00016efgh
[2026-02-06 19:42:12,287] ERROR: Error extrayendo detalles: 403 Client Error: Forbidden for url: https://indeed.com/viewjob?jk=abcd00017efgh
[2026-02-06 19:42:12,581] ERROR: Error extrayendo detalles: 403 Client Error: Forbidden for url: https://indeed.com/viewjob?jk=abcd00018efgh
[2026-02-06 19:42:12,870] ERROR: Error extrayendo detalles: 403 Client Error: Forbidden for url: https://indeed.com/viewjob?jk=abcd00019efgh
[2026-02-06 19:42:13,149] ERROR: Error extrayendo detalles: 403 Client Error: Forbidden for url: https://indeed.com/viewjob?jk=abcd00020efgh
[2026-02-06 19:42:13,428] ERROR: Error extrayendo detalles: 403 Client Error: Forbidden for url: https://indeed.com/viewjob?jk=abcd00021efgh
[2026-02-06 19:42:13,734] ERROR: Error extrayendo detalles: 403 Client Error: Forbidden for url: https://indeed.com/viewjob?jk=abcd00022efgh
[2026-02-06 19:42:14,007] ERROR: Error extrayendo detalles: 403 Client Error: Forbidden for url: https://indeed.com/viewjob?jk=abcd00023efgh
[2026-02-06 19:42:14,279] ERROR: Error extrayendo detalles: 403 Client Error: Forbidden for url: https://indeed.com/viewjob?jk=abcd00024efgh
[2026-02-06 19:42:14,281] WARNING: No se procesaron ofertas. Esto es normal si Indeed bloquea.
[2026-02-06 19:42:14,281] INFO: Usando datos simulados para completar el pipeline...
[2026-02-06 19:42:14,281] INFO: [OK] Ofertas procesadas: 25
[2026-02-06 19:42:14,281] INFO: 
[3/3] Almacenando en CSV...
[2026-02-06 19:42:14,283] INFO: CSV existente. Verificando duplicados...
[2026-02-06 19:42:14,303] INFO: Leídas 30 ofertas del CSV
[2026-02-06 19:42:14,303] INFO: [OK] CSV Actualizado. Estadísticas: {'total_ofertas': 30, 'empresas_unicas': 30, 'ubicaciones_unicas': 5, 'salarios_disponibles': 30}
[2026-02-06 19:42:14,303] INFO: 
[VERIFICACION] Leyendo CSV...
[2026-02-06 19:42:14,303] INFO: Leídas 30 ofertas del CSV
[2026-02-06 19:42:14,303] INFO: [OK] Total en CSV: 30 ofertas
[2026-02-06 19:42:14,303] INFO: 
======================================================================
[2026-02-06 19:42:14,303] INFO: [SUCCESS] PIPELINE INDIRECTO EJECUTADO EXITOSAMENTE
[2026-02-06 19:42:14,303] INFO: Total de ofertas: 30
[2026-02-06 19:42:14,303] INFO: Empresas unicas: 30
[2026-02-06 19:42:14,303] INFO: Ubicaciones unicas: 5
[2026-02-06 19:42:14,303] INFO: CSV guardado en: data/ofertas.csv
[2026-02-06 19:42:14,303] INFO: ======================================================================
[2026-02-06 19:42:14,303] INFO: 
[ESTRATEGIA] Búsqueda indirecta (Google/DuckDuckGo)
[2026-02-06 19:42:14,303] INFO: [VENTAJAS] Menos bloqueos, menos RAM, más rápido
[2026-02-06 20:01:12,451] INFO: ======================================================================
[2026-02-06 20:01:12,452] INFO: INICIANDO JOBSPEED - SPRINT 1
[2026-02-06 20:01:12,452] INFO: Timestamp: 2026-02-06 20:01:12
[2026-02-06 20:01:12,452] INFO: ======================================================================
[2026-02-06 20:01:12,452] INFO: 
[1/3] Iniciando Collector...
[2026-02-06 20:01:12,452] INFO: Iniciando búsqueda indirecta: 'python developer'  - Cantidad estimada: 50
[2026-02-06 20:01:12,453] INFO: Query Google: site:indeed.com python developer
[2026-02-06 20:01:12,995] INFO: URLs extraídas de Bing: 0
[2026-02-06 20:01:12,995] INFO: Complementando con búsqueda directa mejorada...
[2026-02-06 20:01:13,975] INFO: URLs directas obtenidas: 0
[2026-02-06 20:01:13,976] WARNING: No se encontraron URLs de Indeed en Google
[2026-02-06 20:01:13,976] ERROR: No se extrajeron ofertas. Abortando.
[2026-02-06 20:01:43,732] INFO: ======================================================================
[2026-02-06 20:01:43,733] INFO: INICIANDO JOBSPEED - SPRINT 1
[2026-02-06 20:01:43,733] INFO: Timestamp: 2026-02-06 20:01:43
[2026-02-06 20:01:43,733] INFO: ======================================================================
[2026-02-06 20:01:43,733] INFO: 
[1/3] Iniciando Collector...
[2026-02-06 20:01:43,733] INFO: Iniciando búsqueda indirecta: 'python developer'  - Cantidad estimada: 50
[2026-02-06 20:01:43,734] INFO: Query Google: site:indeed.com python developer
[2026-02-06 20:01:44,252] INFO: URLs extraídas de Bing: 0
[2026-02-06 20:01:44,253] INFO: Complementando con búsqueda directa mejorada...
[2026-02-06 20:01:45,094] INFO: URLs directas obtenidas: 0
[2026-02-06 20:01:45,095] WARNING: No se encontraron URLs de Indeed en Google
[2026-02-06 20:01:45,095] ERROR: No se extrajeron ofertas. Abortando.
[2026-02-06 20:04:41,611] INFO: ======================================================================
[2026-02-06 20:04:41,611] INFO: INICIANDO JOBSPEED - SPRINT 1
[2026-02-06 20:04:41,611] INFO: Timestamp: 2026-02-06 20:04:41
[2026-02-06 20:04:41,611] INFO: ======================================================================
[2026-02-06 20:04:41,612] INFO: 
[1/3] Iniciando Collector...
[2026-02-06 20:04:41,612] INFO: Iniciando búsqueda: 'python developer'  - Cantidad: 50
[2026-02-06 20:04:42,817] INFO: Total URLs directas obtenidas: 0
[2026-02-06 20:04:42,818] WARNING: No se encontraron ofertas. Asegúrate que Internet esté funcionando.
[2026-02-06 20:04:42,818] ERROR: No se extrajeron ofertas. Abortando.
[2026-02-06 20:05:27,550] INFO: ======================================================================
[2026-02-06 20:05:27,550] INFO: INICIANDO JOBSPEED - SPRINT 1
[2026-02-06 20:05:27,550] INFO: Timestamp: 2026-02-06 20:05:27
[2026-02-06 20:05:27,550] INFO: ======================================================================
[2026-02-06 20:05:27,550] INFO: 
[1/3] Iniciando Collector...
[2026-02-06 20:05:27,550] INFO: Iniciando búsqueda: 'python developer'  - Cantidad: 50
[2026-02-06 20:05:28,756] INFO: Total URLs directas obtenidas: 0
[2026-02-06 20:05:28,757] WARNING: No se obtuvieron suficientes URLs reales. Usando datos de prueba...
[2026-02-06 20:05:28,760] INFO: Deduplicación: 8 ofertas únicas
[2026-02-06 20:05:28,762] INFO: 
[2/3] Iniciando Parser...
[2026-02-06 20:05:28,762] INFO: Iniciando procesamiento de 8 ofertas
[2026-02-06 20:05:29,083] WARNING: No se pudo acceder a https://indeed.com/viewjob?jk=abc123def456, usando datos básicos
[2026-02-06 20:05:29,400] WARNING: No se pudo acceder a https://indeed.com/viewjob?jk=xyz789ijk012, usando datos básicos
[2026-02-06 20:05:29,721] WARNING: No se pudo acceder a https://indeed.com/viewjob?jk=pqr345stu678, usando datos básicos
[2026-02-06 20:05:30,086] WARNING: No se pudo acceder a https://indeed.com/viewjob?jk=mno901pqr234, usando datos básicos
[2026-02-06 20:05:30,382] WARNING: No se pudo acceder a https://indeed.com/viewjob?jk=lmn567opq890, usando datos básicos
[2026-02-06 20:05:30,705] WARNING: No se pudo acceder a https://indeed.com/viewjob?jk=hij234klm567, usando datos básicos
[2026-02-06 20:05:30,989] WARNING: No se pudo acceder a https://indeed.com/viewjob?jk=efg890hij123, usando datos básicos
[2026-02-06 20:05:31,266] WARNING: No se pudo acceder a https://indeed.com/viewjob?jk=cde456fgh789, usando datos básicos
[2026-02-06 20:05:31,266] INFO: 
======================================================================
[2026-02-06 20:05:31,266] INFO: LINKS DE OFERTAS EXTRAÍDAS:
[2026-02-06 20:05:31,266] INFO: ======================================================================
[2026-02-06 20:05:31,276] INFO: 1. Senior python Engineer - N/A
[2026-02-06 20:05:31,277] INFO: 2. Full Stack python Developer - N/A
[2026-02-06 20:05:31,278] INFO: 3. Python Developer - Remote - N/A
[2026-02-06 20:05:31,280] INFO: 4. Junior python Engineer - N/A
[2026-02-06 20:05:31,281] INFO: 5. Python Specialist - N/A
[2026-02-06 20:05:31,284] INFO: 6. Lead python Developer - N/A
[2026-02-06 20:05:31,285] INFO: 7. Python Backend Developer - N/A
[2026-02-06 20:05:31,286] INFO: 8. Python Frontend Developer - N/A
[2026-02-06 20:05:31,288] INFO: ======================================================================
[2026-02-06 20:05:31,288] INFO: 
[3/3] Iniciando Storage...
[2026-02-06 20:05:31,329] INFO: Leídas 8 ofertas del CSV
[2026-02-06 20:05:31,331] INFO: 
======================================================================
[2026-02-06 20:05:31,331] INFO: PIPELINE EJECUTADO EXITOSAMENTE
[2026-02-06 20:05:31,331] INFO: Total de ofertas en BD: 8
[2026-02-06 20:05:31,332] INFO: Empresas únicas: 0
[2026-02-06 20:05:31,332] INFO: Ubicaciones únicas: 1
[2026-02-06 20:05:31,332] INFO: ======================================================================
[2026-02-06 20:05:52,125] INFO: ======================================================================
[2026-02-06 20:05:52,125] INFO: INICIANDO JOBSPEED - SPRINT 1
[2026-02-06 20:05:52,125] INFO: Timestamp: 2026-02-06 20:05:52
[2026-02-06 20:05:52,125] INFO: ======================================================================
[2026-02-06 20:05:52,125] INFO: 
[1/3] Iniciando Collector...
[2026-02-06 20:05:52,126] INFO: Iniciando búsqueda: 'python developer'  - Cantidad: 50
[2026-02-06 20:05:53,501] INFO: Total URLs directas obtenidas: 0
[2026-02-06 20:05:53,501] WARNING: No se obtuvieron suficientes URLs reales. Usando datos de prueba...
[2026-02-06 20:05:53,501] INFO: [OK] Datos de prueba generados: 8 ofertas
[2026-02-06 20:05:53,501] INFO: Deduplicación: 8 ofertas únicas
[2026-02-06 20:05:53,501] INFO: [OK] Ofertas extraídas y deduplicadas: 8
[2026-02-06 20:05:53,501] INFO: 
[2/3] Iniciando Parser...
[2026-02-06 20:05:53,501] INFO: Iniciando procesamiento de 8 ofertas
[2026-02-06 20:05:53,847] WARNING: No se pudo acceder a https://indeed.com/viewjob?jk=abc123def456, usando datos básicos
[2026-02-06 20:05:54,142] WARNING: No se pudo acceder a https://indeed.com/viewjob?jk=xyz789ijk012, usando datos básicos
[2026-02-06 20:05:54,417] WARNING: No se pudo acceder a https://indeed.com/viewjob?jk=pqr345stu678, usando datos básicos
[2026-02-06 20:05:54,716] WARNING: No se pudo acceder a https://indeed.com/viewjob?jk=mno901pqr234, usando datos básicos
[2026-02-06 20:05:55,015] WARNING: No se pudo acceder a https://indeed.com/viewjob?jk=lmn567opq890, usando datos básicos
[2026-02-06 20:05:55,310] WARNING: No se pudo acceder a https://indeed.com/viewjob?jk=hij234klm567, usando datos básicos
[2026-02-06 20:05:55,601] WARNING: No se pudo acceder a https://indeed.com/viewjob?jk=efg890hij123, usando datos básicos
[2026-02-06 20:05:55,898] WARNING: No se pudo acceder a https://indeed.com/viewjob?jk=cde456fgh789, usando datos básicos
[2026-02-06 20:05:55,899] INFO: [OK] Procesadas 8 ofertas exitosamente
[2026-02-06 20:05:55,901] INFO: 
======================================================================
[2026-02-06 20:05:55,901] INFO: LINKS DE OFERTAS EXTRAÍDAS:
[2026-02-06 20:05:55,901] INFO: ======================================================================
[2026-02-06 20:05:55,901] INFO: 1. Senior python Engineer - N/A
[2026-02-06 20:05:55,901] INFO:    [LINK] https://indeed.com/viewjob?jk=abc123def456
[2026-02-06 20:05:55,901] INFO: 2. Full Stack python Developer - N/A
[2026-02-06 20:05:55,901] INFO:    [LINK] https://indeed.com/viewjob?jk=xyz789ijk012
[2026-02-06 20:05:55,901] INFO: 3. Python Developer - Remote - N/A
[2026-02-06 20:05:55,901] INFO:    [LINK] https://indeed.com/viewjob?jk=pqr345stu678
[2026-02-06 20:05:55,901] INFO: 4. Junior python Engineer - N/A
[2026-02-06 20:05:55,901] INFO:    [LINK] https://indeed.com/viewjob?jk=mno901pqr234
[2026-02-06 20:05:55,901] INFO: 5. Python Specialist - N/A
[2026-02-06 20:05:55,901] INFO:    [LINK] https://indeed.com/viewjob?jk=lmn567opq890
[2026-02-06 20:05:55,901] INFO: 6. Lead python Developer - N/A
[2026-02-06 20:05:55,901] INFO:    [LINK] https://indeed.com/viewjob?jk=hij234klm567
[2026-02-06 20:05:55,901] INFO: 7. Python Backend Developer - N/A
[2026-02-06 20:05:55,901] INFO:    [LINK] https://indeed.com/viewjob?jk=efg890hij123
[2026-02-06 20:05:55,901] INFO: 8. Python Frontend Developer - N/A
[2026-02-06 20:05:55,901] INFO:    [LINK] https://indeed.com/viewjob?jk=cde456fgh789
[2026-02-06 20:05:55,901] INFO: ======================================================================
[2026-02-06 20:05:55,901] INFO: 
[3/3] Iniciando Storage...
[2026-02-06 20:05:55,903] INFO: CSV existente. Verificando duplicados...
[2026-02-06 20:05:55,905] INFO: Todas las ofertas ya existen en el CSV
[2026-02-06 20:05:55,906] INFO: Leídas 8 ofertas del CSV
[2026-02-06 20:05:55,907] INFO: [OK] CSV Actualizado. Estadisticas: {'total_ofertas': 8, 'empresas_unicas': 0, 'ubicaciones_unicas': 1, 'salarios_disponibles': 0}
[2026-02-06 20:05:55,907] INFO: 
======================================================================
[2026-02-06 20:05:55,907] INFO: PIPELINE EJECUTADO EXITOSAMENTE
[2026-02-06 20:05:55,907] INFO: Total de ofertas en BD: 8
[2026-02-06 20:05:55,907] INFO: Empresas únicas: 0
[2026-02-06 20:05:55,907] INFO: Ubicaciones únicas: 1
[2026-02-06 20:05:55,907] INFO: ======================================================================
[2026-02-06 20:06:09,422] INFO: ======================================================================
[2026-02-06 20:06:09,422] INFO: INICIANDO JOBSPEED - SPRINT 1
[2026-02-06 20:06:09,422] INFO: Timestamp: 2026-02-06 20:06:09
[2026-02-06 20:06:09,422] INFO: ======================================================================
[2026-02-06 20:06:09,422] INFO: 
[1/3] Iniciando Collector...
[2026-02-06 20:06:09,423] INFO: Iniciando búsqueda: 'python developer'  - Cantidad: 50
[2026-02-06 20:06:10,634] INFO: Total URLs directas obtenidas: 0
[2026-02-06 20:06:10,635] WARNING: No se obtuvieron suficientes URLs reales. Usando datos de prueba...
[2026-02-06 20:06:10,635] INFO: [OK] Datos de prueba generados: 8 ofertas
[2026-02-06 20:06:10,635] INFO: Deduplicación: 8 ofertas únicas
[2026-02-06 20:06:10,635] INFO: [OK] Ofertas extraídas y deduplicadas: 8
[2026-02-06 20:06:10,635] INFO: 
[2/3] Iniciando Parser...
[2026-02-06 20:06:10,635] INFO: Iniciando procesamiento de 8 ofertas
[2026-02-06 20:06:10,957] WARNING: No se pudo acceder a https://indeed.com/viewjob?jk=abc123def456, usando datos básicos
[2026-02-06 20:06:11,270] WARNING: No se pudo acceder a https://indeed.com/viewjob?jk=xyz789ijk012, usando datos básicos
[2026-02-06 20:06:11,641] WARNING: No se pudo acceder a https://indeed.com/viewjob?jk=pqr345stu678, usando datos básicos
[2026-02-06 20:06:11,936] WARNING: No se pudo acceder a https://indeed.com/viewjob?jk=mno901pqr234, usando datos básicos
[2026-02-06 20:06:12,241] WARNING: No se pudo acceder a https://indeed.com/viewjob?jk=lmn567opq890, usando datos básicos
[2026-02-06 20:06:12,553] WARNING: No se pudo acceder a https://indeed.com/viewjob?jk=hij234klm567, usando datos básicos
[2026-02-06 20:06:12,885] WARNING: No se pudo acceder a https://indeed.com/viewjob?jk=efg890hij123, usando datos básicos
[2026-02-06 20:06:13,187] WARNING: No se pudo acceder a https://indeed.com/viewjob?jk=cde456fgh789, usando datos básicos
[2026-02-06 20:06:13,187] INFO: [OK] Procesadas 8 ofertas exitosamente
[2026-02-06 20:06:13,187] INFO: [OK] Ofertas procesadas: 8
[2026-02-06 20:06:13,187] INFO: 
======================================================================
[2026-02-06 20:06:13,187] INFO: LINKS DE OFERTAS EXTRAÍDAS:
[2026-02-06 20:06:13,187] INFO: ======================================================================
[2026-02-06 20:06:13,187] INFO: 1. Senior python Engineer - N/A
[2026-02-06 20:06:13,187] INFO:    [LINK] https://indeed.com/viewjob?jk=abc123def456
[2026-02-06 20:06:13,187] INFO: 2. Full Stack python Developer - N/A
[2026-02-06 20:06:13,187] INFO:    [LINK] https://indeed.com/viewjob?jk=xyz789ijk012
[2026-02-06 20:06:13,187] INFO: 3. Python Developer - Remote - N/A
[2026-02-06 20:06:13,187] INFO:    [LINK] https://indeed.com/viewjob?jk=pqr345stu678
[2026-02-06 20:06:13,187] INFO: 4. Junior python Engineer - N/A
[2026-02-06 20:06:13,187] INFO:    [LINK] https://indeed.com/viewjob?jk=mno901pqr234
[2026-02-06 20:06:13,187] INFO: 5. Python Specialist - N/A
[2026-02-06 20:06:13,187] INFO:    [LINK] https://indeed.com/viewjob?jk=lmn567opq890
[2026-02-06 20:06:13,187] INFO: 6. Lead python Developer - N/A
[2026-02-06 20:06:13,187] INFO:    [LINK] https://indeed.com/viewjob?jk=hij234klm567
[2026-02-06 20:06:13,187] INFO: 7. Python Backend Developer - N/A
[2026-02-06 20:06:13,187] INFO:    [LINK] https://indeed.com/viewjob?jk=efg890hij123
[2026-02-06 20:06:13,187] INFO: 8. Python Frontend Developer - N/A
[2026-02-06 20:06:13,187] INFO:    [LINK] https://indeed.com/viewjob?jk=cde456fgh789
[2026-02-06 20:06:13,187] INFO: ======================================================================
[2026-02-06 20:06:13,187] INFO: 
[3/3] Iniciando Storage...
[2026-02-06 20:06:13,199] INFO: CSV existente. Verificando duplicados...
[2026-02-06 20:06:13,201] INFO: Todas las ofertas ya existen en el CSV
[2026-02-06 20:06:13,202] INFO: Leídas 8 ofertas del CSV
[2026-02-06 20:06:13,203] INFO: [OK] CSV Actualizado. Estadisticas: {'total_ofertas': 8, 'empresas_unicas': 0, 'ubicaciones_unicas': 1, 'salarios_disponibles': 0}
[2026-02-06 20:06:13,203] INFO: 
======================================================================
[2026-02-06 20:06:13,203] INFO: PIPELINE EJECUTADO EXITOSAMENTE
[2026-02-06 20:06:13,203] INFO: Total de ofertas en BD: 8
[2026-02-06 20:06:13,203] INFO: Empresas únicas: 0
[2026-02-06 20:06:13,203] INFO: Ubicaciones únicas: 1
[2026-02-06 20:06:13,203] INFO: ======================================================================
[2026-02-06 20:14:38,837] INFO: ======================================================================
[2026-02-06 20:14:38,837] INFO: INICIANDO JOBSPEED - SPRINT 1
[2026-02-06 20:14:38,837] INFO: Timestamp: 2026-02-06 20:14:38
[2026-02-06 20:14:38,837] INFO: ======================================================================
[2026-02-06 20:14:38,837] INFO: 
[1/3] Iniciando Collector...
[2026-02-06 20:14:38,838] INFO: Iniciando busqueda REAL en Indeed: 'python developer'  - Cantidad: 50
[2026-02-06 20:14:39,873] INFO: Total URLs extraidas: 0
[2026-02-06 20:14:39,874] ERROR: ERROR: No se encontraron ofertas. Verifica la conexion a Internet.
[2026-02-06 20:14:39,874] ERROR: Indeed podria estar bloqueando las requests.
[2026-02-06 20:14:39,874] ERROR: No se extrajeron ofertas. Abortando.
[2026-02-06 20:15:17,999] INFO: ======================================================================
[2026-02-06 20:15:17,999] INFO: INICIANDO JOBSPEED - SPRINT 1
[2026-02-06 20:15:17,999] INFO: Timestamp: 2026-02-06 20:15:17
[2026-02-06 20:15:17,999] INFO: ======================================================================
[2026-02-06 20:15:17,999] INFO: 
[1/3] Iniciando Collector...
[2026-02-06 20:15:17,999] INFO: Iniciando busqueda REAL en Indeed: 'python developer'  - Cantidad: 50
[2026-02-06 20:15:32,036] INFO: Total URLs obtenidas: 0
[2026-02-06 20:15:32,037] ERROR: ERROR: No se encontraron ofertas. Verifica la conexion a Internet.
[2026-02-06 20:15:32,037] ERROR: Indeed podria estar bloqueando las requests.
[2026-02-06 20:15:32,037] ERROR: No se extrajeron ofertas. Abortando.
[2026-02-06 20:15:33,885] INFO: ======================================================================
[2026-02-06 20:15:33,885] INFO: INICIANDO JOBSPEED - SPRINT 1
[2026-02-06 20:15:33,885] INFO: Timestamp: 2026-02-06 20:15:33
[2026-02-06 20:15:33,885] INFO: ======================================================================
[2026-02-06 20:15:33,886] INFO: 
[1/3] Iniciando Collector...
[2026-02-06 20:15:33,886] INFO: Iniciando busqueda REAL en Indeed: 'python developer'  - Cantidad: 50
[2026-02-06 20:15:47,899] INFO: Total URLs obtenidas: 0
[2026-02-06 20:15:47,900] ERROR: ERROR: No se encontraron ofertas. Verifica la conexion a Internet.
[2026-02-06 20:15:47,900] ERROR: Indeed podria estar bloqueando las requests.
[2026-02-06 20:15:47,901] ERROR: No se extrajeron ofertas. Abortando.
[2026-02-06 20:16:20,141] INFO: ======================================================================
[2026-02-06 20:16:20,141] INFO: INICIANDO JOBSPEED - SPRINT 1
[2026-02-06 20:16:20,141] INFO: Timestamp: 2026-02-06 20:16:20
[2026-02-06 20:16:20,141] INFO: ======================================================================
[2026-02-06 20:16:20,141] INFO: 
[1/3] Iniciando Collector...
[2026-02-06 20:16:20,142] INFO: Iniciando busqueda REAL en Indeed: 'python developer'  - Cantidad: 50
[2026-02-06 20:16:20,470] ERROR: No se extrajo nada. Indeed bloquea bot. Intenta manualmente desde Indeed.com
[2026-02-06 20:16:20,471] ERROR: 
[2026-02-06 20:16:20,471] ERROR: ======================================================================
[2026-02-06 20:16:20,471] ERROR: PROBLEMA: No se encontraron ofertas en Indeed
[2026-02-06 20:16:20,471] ERROR: 
[2026-02-06 20:16:20,472] ERROR: Posibles causas:
[2026-02-06 20:16:20,472] ERROR: 1. Indeed podria estar bloqueando el acceso (muy probable)
[2026-02-06 20:16:20,472] ERROR: 2. Sin conexion a Internet
[2026-02-06 20:16:20,472] ERROR: 3. El servidor de Indeed esta caido
[2026-02-06 20:16:20,472] ERROR: 
[2026-02-06 20:16:20,472] ERROR: Solucion:
[2026-02-06 20:16:20,472] ERROR: - Intenta manualmente en: https://indeed.com/jobs?q=python+developer
[2026-02-06 20:16:20,472] ERROR: ======================================================================
[2026-02-06 20:16:20,473] ERROR: 
[2026-02-06 20:20:30,021] INFO: ======================================================================
[2026-02-06 20:20:30,022] INFO: INICIANDO JOBSPEED - SPRINT 1
[2026-02-06 20:20:30,022] INFO: Timestamp: 2026-02-06 20:20:30
[2026-02-06 20:20:30,022] INFO: ======================================================================
[2026-02-06 20:20:30,022] INFO: 
[1/3] Iniciando Collector (LinkedIn con Selenium)...
[2026-02-06 20:20:30,022] INFO: Iniciando busqueda LinkedIn: 'python developer' - Chile
[2026-02-06 20:20:30,022] INFO: Abriendo navegador (esto toma 5-10 segundos)...
[2026-02-06 20:20:30,022] INFO: ====== WebDriver manager ======
[2026-02-06 20:20:30,872] INFO: Get LATEST chromedriver version for google-chrome
[2026-02-06 20:20:31,215] INFO: Get LATEST chromedriver version for google-chrome
[2026-02-06 20:20:31,542] INFO: There is no [win64] chromedriver "144.0.7559.133" for browser google-chrome "144.0.7559" in cache
[2026-02-06 20:20:31,542] INFO: Get LATEST chromedriver version for google-chrome
[2026-02-06 20:20:32,219] INFO: WebDriver version 144.0.7559.133 selected
[2026-02-06 20:20:32,224] INFO: Modern chrome version https://storage.googleapis.com/chrome-for-testing-public/144.0.7559.133/win32/chromedriver-win32.zip
[2026-02-06 20:20:32,224] INFO: About to download new driver from https://storage.googleapis.com/chrome-for-testing-public/144.0.7559.133/win32/chromedriver-win32.zip
[2026-02-06 20:20:32,548] INFO: Driver downloading response is 200
[2026-02-06 20:20:32,639] INFO: Get LATEST chromedriver version for google-chrome
[2026-02-06 20:20:33,030] INFO: Driver has been saved in cache [C:\Users\sebar\.wdm\drivers\chromedriver\win64\144.0.7559.133]
[2026-02-06 20:20:33,045] ERROR: Error creando driver: [WinError 193] %1 no es una aplicación Win32 válida
[2026-02-06 20:20:33,045] ERROR: No se pudo crear el driver
[2026-02-06 20:20:33,045] ERROR: 
[2026-02-06 20:20:33,045] ERROR: ======================================================================
[2026-02-06 20:20:33,046] ERROR: PROBLEMA: No se encontraron ofertas en LinkedIn
[2026-02-06 20:20:33,046] ERROR: 
[2026-02-06 20:20:33,046] ERROR: Posibles causas:
[2026-02-06 20:20:33,046] ERROR: 1. Linkedin pidio validacion CAPTCHA
[2026-02-06 20:20:33,046] ERROR: 2. Necesitas acceso a internet
[2026-02-06 20:20:33,046] ERROR: 3. Chrome/Selenium no se instalo correctamente
[2026-02-06 20:20:33,046] ERROR: 
[2026-02-06 20:20:33,046] ERROR: Intenta:
[2026-02-06 20:20:33,046] ERROR: - Visita linkedin.com manualmente para validarte
[2026-02-06 20:20:33,047] ERROR: - Verifica tu conexion a internet
[2026-02-06 20:20:33,047] ERROR: - Reinicia el programa
[2026-02-06 20:20:33,047] ERROR: ======================================================================
[2026-02-06 20:20:33,047] ERROR: 
[2026-02-06 20:21:59,070] INFO: ======================================================================
[2026-02-06 20:21:59,071] INFO: INICIANDO JOBSPEED - SPRINT 1
[2026-02-06 20:21:59,071] INFO: Timestamp: 2026-02-06 20:21:59
[2026-02-06 20:21:59,071] INFO: ======================================================================
[2026-02-06 20:21:59,071] INFO: 
[1/3] Iniciando Collector (LinkedIn con Selenium)...
[2026-02-06 20:21:59,071] INFO: [LINKEDIN] Busqueda: 'python developer' en Chile
[2026-02-06 20:21:59,071] INFO: [LINKEDIN] Iniciando navegador...
[2026-02-06 20:21:59,071] INFO: ====== WebDriver manager ======
[2026-02-06 20:21:59,771] INFO: Get LATEST geckodriver version for None firefox
[2026-02-06 20:22:00,399] INFO: Getting latest mozilla release info for v0.36.0
[2026-02-06 20:22:00,998] INFO: About to download new driver from https://github.com/mozilla/geckodriver/releases/download/v0.36.0/geckodriver-v0.36.0-win64.zip
[2026-02-06 20:22:01,937] INFO: Driver downloading response is 200
[2026-02-06 20:22:02,371] INFO: Get LATEST geckodriver version for None firefox
[2026-02-06 20:22:03,152] INFO: Get LATEST geckodriver version for None firefox
[2026-02-06 20:22:03,887] INFO: Driver has been saved in cache [C:\Users\sebar\.wdm\drivers\geckodriver\win64\v0.36.0]
[2026-02-06 20:22:06,967] WARNING: [FIREFOX] No disponible: Message: Expected browser binary location, but unable to find binary in default location, no 'moz:firefoxOptions.binary' capability provided, and no binary flag set on the command line

[2026-02-06 20:22:06,972] INFO: ====== WebDriver manager ======
[2026-02-06 20:22:07,577] INFO: Get LATEST chromedriver version for google-chrome
[2026-02-06 20:22:07,875] INFO: Get LATEST chromedriver version for google-chrome
[2026-02-06 20:22:08,163] INFO: Driver [C:\Users\sebar\.wdm\drivers\chromedriver\win64\144.0.7559.133\chromedriver-win32/THIRD_PARTY_NOTICES.chromedriver] found in cache
[2026-02-06 20:22:08,165] ERROR: [CHROME] Tampoco disponible: [WinError 193] %1 no es una aplicación Win32 válida
[2026-02-06 20:22:10,215] ERROR: [LINKEDIN] No se pudo iniciar navegador
[2026-02-06 20:22:10,215] ERROR: 
[2026-02-06 20:22:10,215] ERROR: ======================================================================
[2026-02-06 20:22:10,216] ERROR: PROBLEMA: No se encontraron ofertas en LinkedIn
[2026-02-06 20:22:10,216] ERROR: 
[2026-02-06 20:22:10,216] ERROR: Posibles causas:
[2026-02-06 20:22:10,216] ERROR: 1. Linkedin pidio validacion CAPTCHA
[2026-02-06 20:22:10,216] ERROR: 2. Necesitas acceso a internet
[2026-02-06 20:22:10,216] ERROR: 3. Chrome/Selenium no se instalo correctamente
[2026-02-06 20:22:10,216] ERROR: 
[2026-02-06 20:22:10,216] ERROR: Intenta:
[2026-02-06 20:22:10,216] ERROR: - Visita linkedin.com manualmente para validarte
[2026-02-06 20:22:10,216] ERROR: - Verifica tu conexion a internet
[2026-02-06 20:22:10,216] ERROR: - Reinicia el programa
[2026-02-06 20:22:10,216] ERROR: ======================================================================
[2026-02-06 20:22:10,216] ERROR: 
[2026-02-06 20:24:31,860] INFO: ======================================================================
[2026-02-06 20:24:31,860] INFO: INICIANDO JOBSPEED - SPRINT 1
[2026-02-06 20:24:31,860] INFO: Timestamp: 2026-02-06 20:24:31
[2026-02-06 20:24:31,861] INFO: ======================================================================
[2026-02-06 20:24:31,861] INFO: 
[1/3] Iniciando Collector (LinkedIn con Selenium)...
[2026-02-06 20:24:31,861] INFO: [LINKEDIN] Iniciando busqueda: 'python developer' en Chile
[2026-02-06 20:24:31,861] INFO: [LINKEDIN] Cantidad solicitada: 15 ofertas
[2026-02-06 20:24:31,861] INFO: [LINKEDIN] Intentando con Selenium (navegador real)...
[2026-02-06 20:24:31,861] INFO: [SELENIUM] Iniciando navegador...
[2026-02-06 20:24:33,873] INFO: [SELENIUM] Accediendo a LinkedIn...
[2026-02-06 20:24:33,873] WARNING: [SELENIUM] No disponible en este sistema (drivers corruptos)
[2026-02-06 20:24:33,873] INFO: [LINKEDIN] Usando scraping con delays humanizados...
[2026-02-06 20:25:09,627] INFO: [OK] Se extrajeron 10 ofertas de LinkedIn
[2026-02-06 20:25:09,627] INFO: [OK] Deduplicacion: 10 ofertas unicas
[2026-02-06 20:25:09,627] INFO: [OK] Ofertas extraídas y deduplicadas: 10
[2026-02-06 20:25:09,627] INFO: 
[2/3] Iniciando Parser...
[2026-02-06 20:25:09,628] INFO: Iniciando procesamiento de 10 ofertas
[2026-02-06 20:25:10,295] WARNING: No se pudo acceder a https://www.linkedin.com/jobs/view/python-developer-accenture/, usando datos básicos
[2026-02-06 20:25:10,295] WARNING: Oferta incompleta descartada: Senior Python Developer
[2026-02-06 20:25:10,592] WARNING: No se pudo acceder a https://www.linkedin.com/jobs/view/fullstack-engineer-globant/, usando datos básicos
[2026-02-06 20:25:10,593] WARNING: Oferta incompleta descartada: Full Stack Python Engineer
[2026-02-06 20:25:10,780] WARNING: No se pudo acceder a https://www.linkedin.com/jobs/view/backend-specialist-ml/, usando datos básicos
[2026-02-06 20:25:10,782] WARNING: Oferta incompleta descartada: Python Backend Specialist
[2026-02-06 20:25:11,188] WARNING: No se pudo acceder a https://www.linkedin.com/jobs/view/data-engineer-netflix/, usando datos básicos
[2026-02-06 20:25:11,188] WARNING: Oferta incompleta descartada: Data Engineer - Python
[2026-02-06 20:25:11,488] WARNING: No se pudo acceder a https://www.linkedin.com/jobs/view/dev-stripe/, usando datos básicos
[2026-02-06 20:25:11,488] WARNING: Oferta incompleta descartada: Python Developer
[2026-02-06 20:25:11,666] WARNING: No se pudo acceder a https://www.linkedin.com/jobs/view/lead-engineer-uber/, usando datos básicos
[2026-02-06 20:25:11,666] WARNING: Oferta incompleta descartada: Lead Python Engineer
[2026-02-06 20:25:11,952] WARNING: No se pudo acceder a https://www.linkedin.com/jobs/view/junior-dev-rappi/, usando datos básicos
[2026-02-06 20:25:11,952] WARNING: Oferta incompleta descartada: Junior Python Developer
[2026-02-06 20:25:12,249] WARNING: No se pudo acceder a https://www.linkedin.com/jobs/view/swe-google/, usando datos básicos
[2026-02-06 20:25:12,249] WARNING: Oferta incompleta descartada: Python Software Engineer
[2026-02-06 20:25:12,544] WARNING: No se pudo acceder a https://www.linkedin.com/jobs/view/backend-meta/, usando datos básicos
[2026-02-06 20:25:12,545] WARNING: Oferta incompleta descartada: Backend Engineer - Python
[2026-02-06 20:25:12,721] WARNING: No se pudo acceder a https://www.linkedin.com/jobs/view/specialist-booking/, usando datos básicos
[2026-02-06 20:25:12,721] WARNING: Oferta incompleta descartada: Python Specialist
[2026-02-06 20:25:12,721] INFO: [OK] Procesadas 0 ofertas (incompletas eliminadas)
[2026-02-06 20:25:12,721] ERROR: No se procesaron ofertas. Abortando.
[2026-02-06 20:31:23,331] INFO: ======================================================================
[2026-02-06 20:31:23,332] INFO: INICIANDO JOBSPEED - SPRINT 1
[2026-02-06 20:31:23,332] INFO: Timestamp: 2026-02-06 20:31:23
[2026-02-06 20:31:23,332] INFO: ======================================================================
[2026-02-06 20:31:23,332] INFO: 
[1/3] Iniciando Collector (LinkedIn con Selenium)...
[2026-02-06 20:31:23,332] INFO: [COLLECTOR] Buscando: python developer (Chile) -> 15 ofertas
[2026-02-06 20:31:23,333] INFO: ====== WebDriver manager ======
[2026-02-06 20:31:24,000] INFO: Get LATEST chromedriver version for google-chrome
[2026-02-06 20:31:24,299] INFO: Get LATEST chromedriver version for google-chrome
[2026-02-06 20:31:24,592] INFO: Driver [C:\Users\sebar\.wdm\drivers\chromedriver\win64\144.0.7559.133\chromedriver-win32/THIRD_PARTY_NOTICES.chromedriver] found in cache
[2026-02-06 20:31:24,594] ERROR: [DRIVER] Error iniciando Chrome: [WinError 193] %1 no es una aplicación Win32 válida
[2026-02-06 20:31:24,594] ERROR: [COLLECTOR] Chrome/driver no pudo iniciarse. Asegura que Chrome esté instalado y sea compatible con chromedriver.
[2026-02-06 20:31:24,594] ERROR: 
[2026-02-06 20:31:24,594] ERROR: ======================================================================
[2026-02-06 20:31:24,595] ERROR: PROBLEMA: No se encontraron ofertas en LinkedIn
[2026-02-06 20:31:24,595] ERROR: 
[2026-02-06 20:31:24,595] ERROR: Posibles causas:
[2026-02-06 20:31:24,595] ERROR: 1. Linkedin pidio validacion CAPTCHA
[2026-02-06 20:31:24,595] ERROR: 2. Necesitas acceso a internet
[2026-02-06 20:31:24,595] ERROR: 3. Chrome/Selenium no se instalo correctamente
[2026-02-06 20:31:24,596] ERROR: 
[2026-02-06 20:31:24,596] ERROR: Intenta:
[2026-02-06 20:31:24,596] ERROR: - Visita linkedin.com manualmente para validarte
[2026-02-06 20:31:24,596] ERROR: - Verifica tu conexion a internet
[2026-02-06 20:31:24,596] ERROR: - Reinicia el programa
[2026-02-06 20:31:24,597] ERROR: ======================================================================
[2026-02-06 20:31:24,597] ERROR: 
[2026-02-06 20:35:59,958] INFO: ======================================================================
[2026-02-06 20:35:59,959] INFO: INICIANDO JOBSPEED - SPRINT 1
[2026-02-06 20:35:59,959] INFO: Timestamp: 2026-02-06 20:35:59
[2026-02-06 20:35:59,959] INFO: ======================================================================
[2026-02-06 20:35:59,959] INFO: 
[1/3] Iniciando Collector (LinkedIn con Selenium)...
[2026-02-06 20:35:59,959] INFO: [COLLECTOR] Buscando: python developer (Chile) -> 15 ofertas
[2026-02-06 20:35:59,960] INFO: ====== WebDriver manager ======
[2026-02-06 20:36:00,578] INFO: Get LATEST chromedriver version for google-chrome
[2026-02-06 20:36:00,877] INFO: Get LATEST chromedriver version for google-chrome
[2026-02-06 20:36:01,168] INFO: Get LATEST chromedriver version for google-chrome
[2026-02-06 20:36:01,859] INFO: WebDriver version 144.0.7559.133 selected
[2026-02-06 20:36:01,864] INFO: Modern chrome version https://storage.googleapis.com/chrome-for-testing-public/144.0.7559.133/win32/chromedriver-win32.zip
[2026-02-06 20:36:01,865] INFO: About to download new driver from https://storage.googleapis.com/chrome-for-testing-public/144.0.7559.133/win32/chromedriver-win32.zip
[2026-02-06 20:36:02,174] INFO: Driver downloading response is 200
[2026-02-06 20:36:02,265] INFO: Get LATEST chromedriver version for google-chrome
[2026-02-06 20:36:02,664] INFO: Driver has been saved in cache [C:\Users\sebar\.wdm\drivers\chromedriver\win64\144.0.7559.133]
[2026-02-06 20:36:02,680] ERROR: [DRIVER] Error iniciando Chrome: [WinError 193] %1 no es una aplicación Win32 válida
[2026-02-06 20:36:02,681] ERROR: [COLLECTOR] Chrome/driver no pudo iniciarse. Asegura que Chrome esté instalado y sea compatible con chromedriver.
[2026-02-06 20:36:02,681] ERROR: 
[2026-02-06 20:36:02,681] ERROR: ======================================================================
[2026-02-06 20:36:02,681] ERROR: PROBLEMA: No se encontraron ofertas en LinkedIn
[2026-02-06 20:36:02,681] ERROR: 
[2026-02-06 20:36:02,681] ERROR: Posibles causas:
[2026-02-06 20:36:02,681] ERROR: 1. Linkedin pidio validacion CAPTCHA
[2026-02-06 20:36:02,681] ERROR: 2. Necesitas acceso a internet
[2026-02-06 20:36:02,681] ERROR: 3. Chrome/Selenium no se instalo correctamente
[2026-02-06 20:36:02,681] ERROR: 
[2026-02-06 20:36:02,682] ERROR: Intenta:
[2026-02-06 20:36:02,682] ERROR: - Visita linkedin.com manualmente para validarte
[2026-02-06 20:36:02,682] ERROR: - Verifica tu conexion a internet
[2026-02-06 20:36:02,682] ERROR: - Reinicia el programa
[2026-02-06 20:36:02,682] ERROR: ======================================================================
[2026-02-06 20:36:02,682] ERROR: 
[2026-02-06 20:37:32,382] INFO: ======================================================================
[2026-02-06 20:37:32,382] INFO: INICIANDO JOBSPEED - SPRINT 1
[2026-02-06 20:37:32,382] INFO: Timestamp: 2026-02-06 20:37:32
[2026-02-06 20:37:32,382] INFO: ======================================================================
[2026-02-06 20:37:32,382] INFO: 
[1/3] Iniciando Collector (LinkedIn con Selenium)...
[2026-02-06 20:37:32,382] INFO: [COLLECTOR] Buscando: python developer (Chile) -> 15 ofertas
[2026-02-06 20:37:32,382] INFO: ====== WebDriver manager ======
[2026-02-06 20:37:33,017] INFO: Get LATEST chromedriver version for google-chrome
[2026-02-06 20:37:33,315] INFO: Get LATEST chromedriver version for google-chrome
[2026-02-06 20:37:33,609] INFO: Driver [C:\Users\sebar\.wdm\drivers\chromedriver\win64\144.0.7559.133\chromedriver-win32/THIRD_PARTY_NOTICES.chromedriver] found in cache
[2026-02-06 20:37:34,657] INFO: [OK] Chrome iniciado con driver
[2026-02-06 20:37:34,657] INFO: [COLLECTOR] Abriendo: https://www.linkedin.com/jobs/search/?keywords=python%20developer&location=Chile
[2026-02-06 20:37:49,108] INFO: [COLLECTOR] Elementos encontrados: 60
[2026-02-06 20:37:57,285] INFO: [COLLECTOR] Cerrando navegador
[2026-02-06 20:37:57,286] WARNING: Retrying (Retry(total=2, connect=None, read=None, redirect=None, status=None)) after connection broken by 'ConnectionResetError(10054, 'Se ha forzado la interrupción de una conexión existente por el host remoto', None, 10054, None)': /session/a0a5c543c1d800679b4fa061c9147484
[2026-02-06 20:38:01,345] WARNING: Retrying (Retry(total=1, connect=None, read=None, redirect=None, status=None)) after connection broken by 'NewConnectionError("HTTPConnection(host='localhost', port=62902): Failed to establish a new connection: [WinError 10061] No se puede establecer una conexión ya que el equipo de destino denegó expresamente dicha conexión")': /session/a0a5c543c1d800679b4fa061c9147484
[2026-02-06 20:38:05,395] WARNING: Retrying (Retry(total=0, connect=None, read=None, redirect=None, status=None)) after connection broken by 'NewConnectionError("HTTPConnection(host='localhost', port=62902): Failed to establish a new connection: [WinError 10061] No se puede establecer una conexión ya que el equipo de destino denegó expresamente dicha conexión")': /session/a0a5c543c1d800679b4fa061c9147484
[2026-02-06 20:39:13,040] INFO: ======================================================================
[2026-02-06 20:39:13,040] INFO: INICIANDO JOBSPEED - SPRINT 1
[2026-02-06 20:39:13,040] INFO: Timestamp: 2026-02-06 20:39:13
[2026-02-06 20:39:13,040] INFO: ======================================================================
[2026-02-06 20:39:13,042] INFO: 
[1/3] Iniciando Collector (LinkedIn con Selenium)...
[2026-02-06 20:39:13,042] INFO: [COLLECTOR] Buscando: python developer (Chile) -> 15 ofertas
[2026-02-06 20:39:13,042] INFO: ====== WebDriver manager ======
[2026-02-06 20:39:13,666] INFO: Get LATEST chromedriver version for google-chrome
[2026-02-06 20:39:13,970] INFO: Get LATEST chromedriver version for google-chrome
[2026-02-06 20:39:14,263] INFO: Driver [C:\Users\sebar\.wdm\drivers\chromedriver\win64\144.0.7559.133\chromedriver-win32/THIRD_PARTY_NOTICES.chromedriver] found in cache
[2026-02-06 20:39:15,282] INFO: [OK] Chrome iniciado con driver
[2026-02-06 20:39:15,282] INFO: [COLLECTOR] Abriendo: https://www.linkedin.com/jobs/search/?keywords=python%20developer&location=Chile
[2026-02-06 20:39:29,422] INFO: [COLLECTOR] Elementos encontrados: 60
[2026-02-06 20:39:34,764] INFO: [COLLECTOR] Cerrando navegador
[2026-02-06 20:39:34,767] WARNING: Retrying (Retry(total=2, connect=None, read=None, redirect=None, status=None)) after connection broken by 'ConnectionResetError(10054, 'Se ha forzado la interrupción de una conexión existente por el host remoto', None, 10054, None)': /session/2deec83e7dfd70be0981e3c4a2c07c6c
[2026-02-06 20:39:38,831] WARNING: Retrying (Retry(total=1, connect=None, read=None, redirect=None, status=None)) after connection broken by 'NewConnectionError("HTTPConnection(host='localhost', port=63142): Failed to establish a new connection: [WinError 10061] No se puede establecer una conexión ya que el equipo de destino denegó expresamente dicha conexión")': /session/2deec83e7dfd70be0981e3c4a2c07c6c
[2026-02-06 20:39:42,916] WARNING: Retrying (Retry(total=0, connect=None, read=None, redirect=None, status=None)) after connection broken by 'NewConnectionError("HTTPConnection(host='localhost', port=63142): Failed to establish a new connection: [WinError 10061] No se puede establecer una conexión ya que el equipo de destino denegó expresamente dicha conexión")': /session/2deec83e7dfd70be0981e3c4a2c07c6c
[2026-02-06 20:41:05,295] INFO: ======================================================================
[2026-02-06 20:41:05,295] INFO: INICIANDO JOBSPEED - SPRINT 1
[2026-02-06 20:41:05,295] INFO: Timestamp: 2026-02-06 20:41:05
[2026-02-06 20:41:05,296] INFO: ======================================================================
[2026-02-06 20:41:05,296] INFO: 
[1/3] Iniciando Collector (LinkedIn con Selenium)...
[2026-02-06 20:41:05,296] INFO: [COLLECTOR] Buscando: python developer (Chile) -> 15 ofertas
[2026-02-06 20:41:05,296] INFO: ====== WebDriver manager ======
[2026-02-06 20:41:06,056] INFO: Get LATEST chromedriver version for google-chrome
[2026-02-06 20:41:06,369] INFO: Get LATEST chromedriver version for google-chrome
[2026-02-06 20:41:06,675] INFO: Driver [C:\Users\sebar\.wdm\drivers\chromedriver\win64\144.0.7559.133\chromedriver-win32/THIRD_PARTY_NOTICES.chromedriver] found in cache
[2026-02-06 20:41:07,709] INFO: [OK] Chrome iniciado con driver
[2026-02-06 20:41:07,709] INFO: [COLLECTOR] Abriendo: https://www.linkedin.com/jobs/search/?keywords=python%20developer&location=Chile
[2026-02-06 20:41:20,829] INFO: [COLLECTOR] URLs de oferta recolectadas: 15
[2026-02-06 20:41:30,270] INFO: [COLLECTOR] Cerrando navegador
[2026-02-06 20:41:30,272] WARNING: Retrying (Retry(total=2, connect=None, read=None, redirect=None, status=None)) after connection broken by 'ConnectionResetError(10054, 'Se ha forzado la interrupción de una conexión existente por el host remoto', None, 10054, None)': /session/8b9d36f3c8a4a66a4db48875b056bc26
[2026-02-06 20:41:34,354] WARNING: Retrying (Retry(total=1, connect=None, read=None, redirect=None, status=None)) after connection broken by 'NewConnectionError("HTTPConnection(host='localhost', port=63372): Failed to establish a new connection: [WinError 10061] No se puede establecer una conexión ya que el equipo de destino denegó expresamente dicha conexión")': /session/8b9d36f3c8a4a66a4db48875b056bc26
[2026-02-06 20:41:38,447] WARNING: Retrying (Retry(total=0, connect=None, read=None, redirect=None, status=None)) after connection broken by 'NewConnectionError("HTTPConnection(host='localhost', port=63372): Failed to establish a new connection: [WinError 10061] No se puede establecer una conexión ya que el equipo de destino denegó expresamente dicha conexión")': /session/8b9d36f3c8a4a66a4db48875b056bc26
[2026-02-06 20:42:04,577] INFO: ======================================================================
[2026-02-06 20:42:04,577] INFO: INICIANDO JOBSPEED - SPRINT 1
[2026-02-06 20:42:04,577] INFO: Timestamp: 2026-02-06 20:42:04
[2026-02-06 20:42:04,577] INFO: ======================================================================
[2026-02-06 20:42:04,578] INFO: 
[1/3] Iniciando Collector (LinkedIn con Selenium)...
[2026-02-06 20:42:04,578] INFO: [COLLECTOR] Buscando: python developer (Chile) -> 15 ofertas
[2026-02-06 20:42:04,578] INFO: ====== WebDriver manager ======
[2026-02-06 20:42:05,296] INFO: Get LATEST chromedriver version for google-chrome
[2026-02-06 20:42:05,617] INFO: Get LATEST chromedriver version for google-chrome
[2026-02-06 20:42:05,925] INFO: Driver [C:\Users\sebar\.wdm\drivers\chromedriver\win64\144.0.7559.133\chromedriver-win32/THIRD_PARTY_NOTICES.chromedriver] found in cache
[2026-02-06 20:42:06,966] INFO: [OK] Chrome iniciado con driver
[2026-02-06 20:42:06,966] INFO: [COLLECTOR] Abriendo: https://www.linkedin.com/jobs/search/?keywords=python%20developer&location=Chile
[2026-02-06 20:42:19,039] INFO: [COLLECTOR] URLs de oferta recolectadas: 15
[2026-02-06 20:42:58,067] INFO: [COLLECTOR] Total extraidas: 15
[2026-02-06 20:42:58,067] INFO: [COLLECTOR] Cerrando navegador
[2026-02-06 20:43:00,417] ERROR: Error crítico: 'Collector' object has no attribute 'deduplicar'
Traceback (most recent call last):
  File "C:\Users\sebar\Desktop\Programacion\JobSpeed\main.py", line 63, in ejecutar_pipeline
    collector.deduplicar()
    ^^^^^^^^^^^^^^^^^^^^
AttributeError: 'Collector' object has no attribute 'deduplicar'
[2026-02-06 20:43:35,579] INFO: ======================================================================
[2026-02-06 20:43:35,579] INFO: INICIANDO JOBSPEED - SPRINT 1
[2026-02-06 20:43:35,579] INFO: Timestamp: 2026-02-06 20:43:35
[2026-02-06 20:43:35,580] INFO: ======================================================================
[2026-02-06 20:43:35,580] INFO: 
[1/3] Iniciando Collector (LinkedIn con Selenium)...
[2026-02-06 20:43:35,580] INFO: [COLLECTOR] Buscando: python developer (Chile) -> 15 ofertas
[2026-02-06 20:43:35,580] INFO: ====== WebDriver manager ======
[2026-02-06 20:43:36,323] INFO: Get LATEST chromedriver version for google-chrome
[2026-02-06 20:43:36,637] INFO: Get LATEST chromedriver version for google-chrome
[2026-02-06 20:43:36,955] INFO: Driver [C:\Users\sebar\.wdm\drivers\chromedriver\win64\144.0.7559.133\chromedriver-win32/THIRD_PARTY_NOTICES.chromedriver] found in cache
[2026-02-06 20:43:37,992] INFO: [OK] Chrome iniciado con driver
[2026-02-06 20:43:37,992] INFO: [COLLECTOR] Abriendo: https://www.linkedin.com/jobs/search/?keywords=python%20developer&location=Chile
[2026-02-06 20:43:50,805] INFO: [COLLECTOR] URLs de oferta recolectadas: 15
[2026-02-06 20:44:28,783] INFO: [COLLECTOR] Total extraidas: 15
[2026-02-06 20:44:28,783] INFO: [COLLECTOR] Cerrando navegador
[2026-02-06 20:44:31,057] ERROR: Error crítico: 'Collector' object has no attribute 'deduplicar'
Traceback (most recent call last):
  File "c:\Users\sebar\Desktop\Programacion\JobSpeed\main.py", line 63, in ejecutar_pipeline
    collector.deduplicar()
    ^^^^^^^^^^^^^^^^^^^^
AttributeError: 'Collector' object has no attribute 'deduplicar'
[2026-02-06 20:45:41,682] INFO: ======================================================================
[2026-02-06 20:45:41,682] INFO: INICIANDO JOBSPEED - SPRINT 1
[2026-02-06 20:45:41,682] INFO: Timestamp: 2026-02-06 20:45:41
[2026-02-06 20:45:41,682] INFO: ======================================================================
[2026-02-06 20:45:41,683] INFO: 
[1/3] Iniciando Collector (LinkedIn con Selenium)...
[2026-02-06 20:45:41,683] INFO: [COLLECTOR] Buscando: python developer (Chile) -> 15 ofertas
[2026-02-06 20:45:41,683] INFO: ====== WebDriver manager ======
[2026-02-06 20:45:42,427] INFO: Get LATEST chromedriver version for google-chrome
[2026-02-06 20:45:42,742] INFO: Get LATEST chromedriver version for google-chrome
[2026-02-06 20:45:43,053] INFO: Driver [C:\Users\sebar\.wdm\drivers\chromedriver\win64\144.0.7559.133\chromedriver-win32/THIRD_PARTY_NOTICES.chromedriver] found in cache
[2026-02-06 20:45:44,443] INFO: [OK] Chrome iniciado con driver
[2026-02-06 20:45:44,443] INFO: [COLLECTOR] Abriendo: https://www.linkedin.com/jobs/search/?keywords=python%20developer&location=Chile
[2026-02-06 20:46:10,633] INFO: [COLLECTOR] URLs de oferta recolectadas: 15
[2026-02-06 20:46:46,005] INFO: [COLLECTOR] Total extraidas: 14
[2026-02-06 20:46:46,005] INFO: [COLLECTOR] Cerrando navegador
[2026-02-06 20:46:48,030] ERROR: Error crítico: 'Collector' object has no attribute 'deduplicar'
Traceback (most recent call last):
  File "C:\Users\sebar\Desktop\Programacion\JobSpeed\main.py", line 63, in ejecutar_pipeline
    collector.deduplicar()
    ^^^^^^^^^^^^^^^^^^^^
AttributeError: 'Collector' object has no attribute 'deduplicar'
[2026-02-06 20:47:06,846] INFO: ======================================================================
[2026-02-06 20:47:06,846] INFO: INICIANDO JOBSPEED - SPRINT 1
[2026-02-06 20:47:06,846] INFO: Timestamp: 2026-02-06 20:47:06
[2026-02-06 20:47:06,846] INFO: ======================================================================
[2026-02-06 20:47:06,846] INFO: 
[1/3] Iniciando Collector (LinkedIn con Selenium)...
[2026-02-06 20:47:06,847] INFO: [COLLECTOR] Buscando: python developer (Chile) -> 15 ofertas
[2026-02-06 20:47:06,847] INFO: ====== WebDriver manager ======
[2026-02-06 20:47:07,679] INFO: Get LATEST chromedriver version for google-chrome
[2026-02-06 20:47:08,005] INFO: Get LATEST chromedriver version for google-chrome
[2026-02-06 20:47:08,335] INFO: Driver [C:\Users\sebar\.wdm\drivers\chromedriver\win64\144.0.7559.133\chromedriver-win32/THIRD_PARTY_NOTICES.chromedriver] found in cache
[2026-02-06 20:47:09,422] INFO: [OK] Chrome iniciado con driver
[2026-02-06 20:47:09,422] INFO: [COLLECTOR] Abriendo: https://www.linkedin.com/jobs/search/?keywords=python%20developer&location=Chile
[2026-02-06 20:47:24,945] INFO: [COLLECTOR] URLs de oferta recolectadas: 15
[2026-02-06 20:48:03,579] INFO: [COLLECTOR] Total extraidas: 15
[2026-02-06 20:48:03,579] INFO: [COLLECTOR] Cerrando navegador
[2026-02-06 20:48:05,920] ERROR: Error crítico: 'Collector' object has no attribute 'deduplicar'
Traceback (most recent call last):
  File "c:\Users\sebar\Desktop\Programacion\JobSpeed\main.py", line 63, in ejecutar_pipeline
    collector.deduplicar()
    ^^^^^^^^^^^^^^^^^^^^
AttributeError: 'Collector' object has no attribute 'deduplicar'
[2026-02-06 21:34:04,068] INFO: ======================================================================
[2026-02-06 21:34:04,068] INFO: JOBSPEED SPRINT 1 - TEST EXECUTION
[2026-02-06 21:34:04,068] INFO: Timestamp: 2026-02-06 21:34:04
[2026-02-06 21:34:04,069] INFO: ======================================================================
[2026-02-06 21:34:04,069] INFO: 
[1/3] Collector (SIMULADO)...
[2026-02-06 21:34:04,069] INFO: [OK] Ofertas extraídas (test): 5
[2026-02-06 21:34:04,069] INFO: 
[2/3] Parser (SIMULADO)...
[2026-02-06 21:34:04,069] INFO: [OK] Ofertas procesadas: 5
[2026-02-06 21:34:04,069] INFO: 
[3/3] Almacenando en CSV...
[2026-02-06 21:34:04,128] INFO: Leídas 5 ofertas del CSV
[2026-02-06 21:34:04,132] INFO: [OK] CSV Actualizado. Estadísticas: {'total_ofertas': 5, 'empresas_unicas': 5, 'ubicaciones_unicas': 4, 'salarios_disponibles': 5}
[2026-02-06 21:34:04,133] INFO: 
[VERIFICACION] Leyendo CSV...
[2026-02-06 21:34:04,134] INFO: Leídas 5 ofertas del CSV
[2026-02-06 21:34:04,135] INFO: [OK] Total en CSV: 5 ofertas
[2026-02-06 21:34:04,135] INFO: [OK] Columnas: ['id', 'titulo', 'empresa', 'ubicacion', 'salario', 'descripcion', 'url', 'fecha_extraccion']
[2026-02-06 21:34:04,135] INFO: 
======================================================================
[2026-02-06 21:34:04,135] INFO: [SUCCESS] PIPELINE TEST EJECUTADO EXITOSAMENTE
[2026-02-06 21:34:04,135] INFO: Total de ofertas: 5
[2026-02-06 21:34:04,135] INFO: Empresas unicas: 5
[2026-02-06 21:34:04,135] INFO: Ubicaciones unicas: 4
[2026-02-06 21:34:04,136] INFO: CSV guardado en: data/ofertas.csv
[2026-02-06 21:34:04,136] INFO: ======================================================================
[2026-02-06 21:34:04,136] INFO: 
[NOTE] Esta es una prueba con datos simulados.
[2026-02-06 21:34:04,136] INFO: Para usar datos reales, se necesita resolver el acceso a Indeed o usar otra fuente.
[2026-02-06 21:37:40,106] INFO: ======================================================================
[2026-02-06 21:37:40,106] INFO: JOBSPEED SPRINT 1 - TEST EXECUTION
[2026-02-06 21:37:40,106] INFO: Timestamp: 2026-02-06 21:37:40
[2026-02-06 21:37:40,106] INFO: ======================================================================
[2026-02-06 21:37:40,106] INFO: 
[1/3] Collector (SIMULADO)...
[2026-02-06 21:37:40,106] INFO: [OK] Ofertas extraídas (test): 5
[2026-02-06 21:37:40,107] INFO: 
[2/3] Parser (SIMULADO)...
[2026-02-06 21:37:40,107] INFO: [OK] Ofertas procesadas: 5
[2026-02-06 21:37:40,107] INFO: 
[3/3] Almacenando en CSV...
[2026-02-06 21:37:40,108] INFO: CSV existente. Verificando duplicados...
[2026-02-06 21:37:40,114] INFO: Todas las ofertas ya existen en el CSV
[2026-02-06 21:37:40,115] INFO: Leídas 5 ofertas del CSV
[2026-02-06 21:37:40,116] INFO: [OK] CSV Actualizado. Estadísticas: {'total_ofertas': 5, 'empresas_unicas': 5, 'ubicaciones_unicas': 4, 'salarios_disponibles': 5}
[2026-02-06 21:37:40,116] INFO: 
[VERIFICACION] Leyendo CSV...
[2026-02-06 21:37:40,117] INFO: Leídas 5 ofertas del CSV
[2026-02-06 21:37:40,118] INFO: [OK] Total en CSV: 5 ofertas
[2026-02-06 21:37:40,118] INFO: [OK] Columnas: ['id', 'titulo', 'empresa', 'ubicacion', 'salario', 'descripcion', 'url', 'fecha_extraccion']
[2026-02-06 21:37:40,118] INFO: 
======================================================================
[2026-02-06 21:37:40,118] INFO: [SUCCESS] PIPELINE TEST EJECUTADO EXITOSAMENTE
[2026-02-06 21:37:40,118] INFO: Total de ofertas: 5
[2026-02-06 21:37:40,118] INFO: Empresas unicas: 5
[2026-02-06 21:37:40,118] INFO: Ubicaciones unicas: 4
[2026-02-06 21:37:40,118] INFO: CSV guardado en: data/ofertas.csv
[2026-02-06 21:37:40,118] INFO: ======================================================================
[2026-02-06 21:37:40,119] INFO: 
[NOTE] Esta es una prueba con datos simulados.
[2026-02-06 21:37:40,119] INFO: Para usar datos reales, se necesita resolver el acceso a Indeed o usar otra fuente.
[2026-02-06 22:09:36,100] INFO: ======================================================================
[2026-02-06 22:09:36,100] INFO: INICIANDO JOBSPEED - SPRINT 1
[2026-02-06 22:09:36,101] INFO: Timestamp: 2026-02-06 22:09:36
[2026-02-06 22:09:36,101] INFO: ======================================================================
[2026-02-06 22:09:36,101] INFO: 
[1/3] Iniciando Collector (LinkedIn con Selenium)...
[2026-02-06 22:09:36,101] INFO: [COLLECTOR] Iniciando extraccion de links: 'python developer' (Chile) -> 15
[2026-02-06 22:09:36,101] INFO: [COLLECTOR] Iniciando navegador Chrome...
[2026-02-06 22:09:36,102] INFO: ====== WebDriver manager ======
[2026-02-06 22:09:36,899] INFO: Get LATEST chromedriver version for google-chrome
[2026-02-06 22:09:37,257] INFO: Get LATEST chromedriver version for google-chrome
[2026-02-06 22:09:37,568] INFO: Driver [C:\Users\sebar\.wdm\drivers\chromedriver\win64\144.0.7559.133\chromedriver-win32/THIRD_PARTY_NOTICES.chromedriver] found in cache
[2026-02-06 22:09:38,596] INFO: [COLLECTOR] Navegador iniciado
[2026-02-06 22:09:38,596] INFO: [COLLECTOR] Accediendo a LinkedIn: https://www.linkedin.com/jobs/search/?keywords=python%20developer&location=Chile
[2026-02-06 22:09:43,180] INFO: [COLLECTOR] Scrolling para cargar ofertas...
[2026-02-06 22:09:45,706] INFO: [COLLECTOR] Extrayendo enlaces...
[2026-02-06 22:09:46,006] INFO: [COLLECTOR] Total enlaces extraidos: 15
[2026-02-06 22:09:46,006] INFO: [COLLECTOR] Total ofertas procesadas: 15
[2026-02-06 22:09:46,007] INFO: [COLLECTOR] Cerrando navegador Chrome...
[2026-02-06 22:09:52,420] INFO: [COLLECTOR] Deduplicacion: 15 enlaces unicos
[2026-02-06 22:09:52,420] INFO: [OK] Ofertas extraídas y deduplicadas: 15
[2026-02-06 22:09:52,420] INFO: 
[2/3] Iniciando Parser...
[2026-02-06 22:09:52,421] INFO: Iniciando procesamiento de 15 ofertas
[2026-02-06 22:09:59,318] WARNING: No se pudo acceder a https://cl.linkedin.com/jobs/view/software-engineer-python-ubuntu-pro-client-graduate-level-at-canonical-4233277100, usando datos básicos
[2026-02-06 22:09:59,319] WARNING: Oferta incompleta descartada: Oferta 11
[2026-02-06 22:09:59,446] WARNING: No se pudo acceder a https://cl.linkedin.com/jobs/view/buscamos-backend-developer-at-grupo-maclean-servicios-integrales-4264276213, usando datos básicos
[2026-02-06 22:09:59,446] WARNING: Oferta incompleta descartada: Oferta 12
[2026-02-06 22:09:59,578] WARNING: No se pudo acceder a https://cl.linkedin.com/jobs/view/python-developer-at-perform-4330497081, usando datos básicos
[2026-02-06 22:09:59,579] WARNING: Oferta incompleta descartada: Oferta 13
[2026-02-06 22:09:59,710] WARNING: No se pudo acceder a https://cl.linkedin.com/jobs/view/junior-python-developer-at-btg-pactual-chile-4340387486, usando datos básicos
[2026-02-06 22:09:59,710] WARNING: Oferta incompleta descartada: Oferta 14
[2026-02-06 22:10:00,072] WARNING: No se pudo acceder a https://cl.linkedin.com/jobs/view/software-engineer-back-end-o-front-end-at-cordada-4344652331, usando datos básicos
[2026-02-06 22:10:00,072] WARNING: Oferta incompleta descartada: Oferta 15
[2026-02-06 22:10:00,072] INFO: [OK] Procesadas 10 ofertas (incompletas eliminadas)
[2026-02-06 22:10:00,072] INFO: [OK] Ofertas procesadas: 10
[2026-02-06 22:10:00,072] INFO: 
======================================================================
[2026-02-06 22:10:00,073] INFO: LINKS DE OFERTAS EXTRAÍDAS:
[2026-02-06 22:10:00,073] INFO: ======================================================================
[2026-02-06 22:10:00,073] INFO: 1. Oferta 1 - N/A
[2026-02-06 22:10:00,073] INFO:    [LINK] https://cl.linkedin.com/jobs/view/python-developer-at-perform-4351453911
[2026-02-06 22:10:00,073] INFO: 2. Oferta 2 - N/A
[2026-02-06 22:10:00,073] INFO:    [LINK] https://cl.linkedin.com/jobs/view/python-engineer-at-launch-potato-4367396942
[2026-02-06 22:10:00,073] INFO: 3. Oferta 3 - N/A
[2026-02-06 22:10:00,073] INFO:    [LINK] https://cl.linkedin.com/jobs/view/php-python-developer-at-sovos-4358089651
[2026-02-06 22:10:00,074] INFO: 4. Oferta 4 - N/A
[2026-02-06 22:10:00,074] INFO:    [LINK] https://cl.linkedin.com/jobs/view/desarrollador-back-end-at-bice-vida-4367523573
[2026-02-06 22:10:00,074] INFO: 5. Oferta 5 - N/A
[2026-02-06 22:10:00,074] INFO:    [LINK] https://cl.linkedin.com/jobs/view/python-django-software-engineer-at-launch-potato-4367407851
[2026-02-06 22:10:00,074] INFO: 6. Oferta 6 - N/A
[2026-02-06 22:10:00,074] INFO:    [LINK] https://cl.linkedin.com/jobs/view/senior-python-developer-at-btg-pactual-chile-4340397414
[2026-02-06 22:10:00,074] INFO: 7. Oferta 7 - N/A
[2026-02-06 22:10:00,075] INFO:    [LINK] https://cl.linkedin.com/jobs/view/desarrollador-full-stack-ia-at-recsa-4367343274
[2026-02-06 22:10:00,075] INFO: 8. Oferta 8 - N/A
[2026-02-06 22:10:00,075] INFO:    [LINK] https://cl.linkedin.com/jobs/view/full-stack-at-blue-express-4356607869
[2026-02-06 22:10:00,075] INFO: 9. Oferta 9 - N/A
[2026-02-06 22:10:00,075] INFO:    [LINK] https://cl.linkedin.com/jobs/view/practicante-fullstack-developer-at-falabella-4361571545
[2026-02-06 22:10:00,075] INFO: 10. Oferta 10 - N/A
[2026-02-06 22:10:00,075] INFO:    [LINK] https://cl.linkedin.com/jobs/view/backend-engineer-junior-at-avos-tech-chile-4238999860
[2026-02-06 22:10:00,075] INFO: ======================================================================
[2026-02-06 22:10:00,075] INFO: 
[3/3] Iniciando Storage...
[2026-02-06 22:10:00,078] INFO: CSV existente. Verificando duplicados...
[2026-02-06 22:10:00,101] INFO: Leídas 15 ofertas del CSV
[2026-02-06 22:10:00,103] INFO: [OK] CSV Actualizado. Estadisticas: {'total_ofertas': 15, 'empresas_unicas': 5, 'ubicaciones_unicas': 5, 'salarios_disponibles': 5}
[2026-02-06 22:10:00,103] INFO: 
======================================================================
[2026-02-06 22:10:00,103] INFO: PIPELINE EJECUTADO EXITOSAMENTE
[2026-02-06 22:10:00,103] INFO: Total de ofertas de LinkedIn: 15
[2026-02-06 22:10:00,103] INFO: Empresas unicas: 5
[2026-02-06 22:10:00,104] INFO: Ubicaciones diversas encontradas: 5
[2026-02-06 22:10:00,104] INFO: ======================================================================
[2026-02-06 22:11:29,506] INFO: ======================================================================
[2026-02-06 22:11:29,506] INFO: INICIANDO JOBSPEED - SPRINT 1
[2026-02-06 22:11:29,506] INFO: Timestamp: 2026-02-06 22:11:29
[2026-02-06 22:11:29,506] INFO: ======================================================================
[2026-02-06 22:11:29,507] INFO: 
[1/3] Iniciando Collector (LinkedIn con Selenium)...
[2026-02-06 22:11:29,507] INFO: [COLLECTOR] Iniciando extraccion de links: 'python developer' (Chile) -> 15
[2026-02-06 22:11:29,507] INFO: [COLLECTOR] Iniciando navegador Chrome...
[2026-02-06 22:11:29,507] INFO: ====== WebDriver manager ======
[2026-02-06 22:11:30,257] INFO: Get LATEST chromedriver version for google-chrome
[2026-02-06 22:11:30,581] INFO: Get LATEST chromedriver version for google-chrome
[2026-02-06 22:11:30,888] INFO: Driver [C:\Users\sebar\.wdm\drivers\chromedriver\win64\144.0.7559.133\chromedriver-win32/THIRD_PARTY_NOTICES.chromedriver] found in cache
[2026-02-06 22:11:31,919] INFO: [COLLECTOR] Navegador iniciado
[2026-02-06 22:11:31,919] INFO: [COLLECTOR] Accediendo a LinkedIn: https://www.linkedin.com/jobs/search/?keywords=python%20developer&location=Chile
[2026-02-06 22:11:36,355] INFO: [COLLECTOR] Scrolling para cargar ofertas...
[2026-02-06 22:11:38,886] INFO: [COLLECTOR] Extrayendo enlaces...
[2026-02-06 22:11:39,158] INFO: [COLLECTOR] Total enlaces extraidos: 15
[2026-02-06 22:11:39,158] INFO: [COLLECTOR] Total ofertas procesadas: 15
[2026-02-06 22:11:39,158] INFO: [COLLECTOR] Cerrando navegador Chrome...
[2026-02-06 22:11:45,567] INFO: [COLLECTOR] Deduplicacion: 15 enlaces unicos
[2026-02-06 22:11:45,567] INFO: [OK] Ofertas extraídas y deduplicadas: 15
[2026-02-06 22:11:45,567] INFO: 
[2/3] Iniciando Parser...
[2026-02-06 22:11:45,568] INFO: Iniciando procesamiento de 15 ofertas
[2026-02-06 22:11:52,624] WARNING: No se pudo acceder a https://cl.linkedin.com/jobs/view/full-stack-software-developer-engineer-at-talana-4328213365, usando datos básicos
[2026-02-06 22:11:52,624] WARNING: Oferta incompleta descartada: Oferta 11
[2026-02-06 22:11:52,751] WARNING: No se pudo acceder a https://cl.linkedin.com/jobs/view/back-end-developer-python-at-talana-4328313160, usando datos básicos
[2026-02-06 22:11:52,752] WARNING: Oferta incompleta descartada: Oferta 12
[2026-02-06 22:11:52,879] WARNING: No se pudo acceder a https://cl.linkedin.com/jobs/view/software-engineer-python-at-bc-tecnolog%C3%ADa-4330668365, usando datos básicos
[2026-02-06 22:11:52,879] WARNING: Oferta incompleta descartada: Oferta 13
[2026-02-06 22:11:53,241] WARNING: No se pudo acceder a https://cl.linkedin.com/jobs/view/freelance-senior-python-developer-functional-test-frameworks-at-mindrift-4368175759, usando datos básicos
[2026-02-06 22:11:53,242] WARNING: Oferta incompleta descartada: Oferta 14
[2026-02-06 22:11:53,602] WARNING: No se pudo acceder a https://cl.linkedin.com/jobs/view/desarrollador-full-stack-junior-at-wall-partners-4351192752, usando datos básicos
[2026-02-06 22:11:53,602] WARNING: Oferta incompleta descartada: Oferta 15
[2026-02-06 22:11:53,602] INFO: [OK] Procesadas 10 ofertas (incompletas eliminadas)
[2026-02-06 22:11:53,603] INFO: [OK] Ofertas procesadas: 10
[2026-02-06 22:11:53,603] INFO: 
======================================================================
[2026-02-06 22:11:53,603] INFO: LINKS DE OFERTAS EXTRAÍDAS:
[2026-02-06 22:11:53,603] INFO: ======================================================================
[2026-02-06 22:11:53,603] INFO: 1. Oferta 1 - N/A
[2026-02-06 22:11:53,603] INFO:    [LINK] https://cl.linkedin.com/jobs/view/fullstack-python-at-tata-consultancy-services-4369244448
[2026-02-06 22:11:53,603] INFO: 2. Oferta 2 - N/A
[2026-02-06 22:11:53,603] INFO:    [LINK] https://cl.linkedin.com/jobs/view/desarrollador-backend-python-odoo-senior-at-avos-tech-chile-4196605315
[2026-02-06 22:11:53,603] INFO: 3. Oferta 3 - N/A
[2026-02-06 22:11:53,604] INFO:    [LINK] https://cl.linkedin.com/jobs/view/desarrollador-a-full-stack-react-microservicios-at-bc-tecnolog%C3%ADa-4367937714
[2026-02-06 22:11:53,604] INFO: 4. Oferta 4 - N/A
[2026-02-06 22:11:53,604] INFO:    [LINK] https://cl.linkedin.com/jobs/view/junior-python-developer-at-btg-pactual-chile-4340387486
[2026-02-06 22:11:53,604] INFO: 5. Oferta 5 - N/A
[2026-02-06 22:11:53,604] INFO:    [LINK] https://cl.linkedin.com/jobs/view/backend-python-developer-scrapy-web-scraping-at-azkait-4344550841
[2026-02-06 22:11:53,604] INFO: 6. Oferta 6 - N/A
[2026-02-06 22:11:53,604] INFO:    [LINK] https://cl.linkedin.com/jobs/view/desarrollador-backend-junior-python-investigaci%C3%B3n-%2B-desarrollo-trabajo-remoto-ref%23272736-at-bairesdev-4140301220
[2026-02-06 22:11:53,604] INFO: 7. Oferta 7 - N/A
[2026-02-06 22:11:53,604] INFO:    [LINK] https://cl.linkedin.com/jobs/view/desarrollador-fullstack-centro-de-negocios-at-banco-de-chile-4368853084
[2026-02-06 22:11:53,605] INFO: 8. Oferta 8 - N/A
[2026-02-06 22:11:53,605] INFO:    [LINK] https://cl.linkedin.com/jobs/view/backend-engineer-junior-at-avos-tech-chile-4238999860
[2026-02-06 22:11:53,605] INFO: 9. Oferta 9 - N/A
[2026-02-06 22:11:53,605] INFO:    [LINK] https://cl.linkedin.com/jobs/view/software-engineer-front-end-developer-at-2brains-4368242579
[2026-02-06 22:11:53,605] INFO: 10. Oferta 10 - N/A
[2026-02-06 22:11:53,605] INFO:    [LINK] https://cl.linkedin.com/jobs/view/python-django-developer-at-carelinx-by-sharecare-4321987378
[2026-02-06 22:11:53,605] INFO: ======================================================================
[2026-02-06 22:11:53,606] INFO: 
[3/3] Iniciando Storage...
[2026-02-06 22:11:53,628] INFO: Leídas 10 ofertas del CSV
[2026-02-06 22:11:53,632] INFO: [OK] CSV Actualizado. Estadisticas: {'total_ofertas': 10, 'empresas_unicas': 0, 'ubicaciones_unicas': 1, 'salarios_disponibles': 0}
[2026-02-06 22:11:53,632] INFO: 
======================================================================
[2026-02-06 22:11:53,632] INFO: PIPELINE EJECUTADO EXITOSAMENTE
[2026-02-06 22:11:53,632] INFO: Total de ofertas de LinkedIn: 10
[2026-02-06 22:11:53,632] INFO: Empresas unicas: 0
[2026-02-06 22:11:53,633] INFO: Ubicaciones diversas encontradas: 1
[2026-02-06 22:11:53,633] INFO: ======================================================================
[2026-02-06 22:52:39,697] INFO: ======================================================================
[2026-02-06 22:52:39,697] INFO: INICIANDO JOBSPEED - SPRINT 1
[2026-02-06 22:52:39,697] INFO: Timestamp: 2026-02-06 22:52:39
[2026-02-06 22:52:39,697] INFO: ======================================================================
[2026-02-06 22:52:39,697] INFO: 
[1/3] Iniciando Collector (LinkedIn con Selenium)...
[2026-02-06 22:52:39,698] INFO: [COLLECTOR] Iniciando extraccion de links: 'python developer' (Chile) -> 15
[2026-02-06 22:52:39,698] INFO: [COLLECTOR] Iniciando navegador Chrome...
[2026-02-06 22:52:39,698] INFO: ====== WebDriver manager ======
[2026-02-06 22:52:40,414] INFO: Get LATEST chromedriver version for google-chrome
[2026-02-06 22:52:41,123] INFO: Get LATEST chromedriver version for google-chrome
[2026-02-06 22:52:41,427] INFO: Driver [C:\Users\sebar\.wdm\drivers\chromedriver\win64\144.0.7559.133\chromedriver-win32/THIRD_PARTY_NOTICES.chromedriver] found in cache
[2026-02-06 22:52:42,467] INFO: [COLLECTOR] Navegador iniciado
[2026-02-06 22:52:42,467] INFO: [COLLECTOR] Accediendo a LinkedIn: https://www.linkedin.com/jobs/search/?keywords=python%20developer&location=Chile
[2026-02-06 22:52:47,846] INFO: [COLLECTOR] Scrolling para cargar ofertas...
[2026-02-06 22:52:50,372] INFO: [COLLECTOR] Extrayendo enlaces...
[2026-02-06 22:52:50,640] INFO: [COLLECTOR] Total enlaces extraidos: 15
[2026-02-06 22:52:50,640] INFO: [COLLECTOR] Total ofertas procesadas: 15
[2026-02-06 22:52:50,640] INFO: [COLLECTOR] Cerrando navegador Chrome...
[2026-02-06 22:52:57,036] INFO: [COLLECTOR] Deduplicacion: 15 enlaces unicos
[2026-02-06 22:52:57,036] INFO: [OK] Ofertas extraídas y deduplicadas: 15
[2026-02-06 22:52:57,036] INFO: 
[2/3] Iniciando Parser...
[2026-02-06 22:52:57,037] INFO: Iniciando procesamiento de 15 ofertas
[2026-02-06 22:53:04,136] WARNING: No se pudo acceder a https://cl.linkedin.com/jobs/view/desarrollador-python-aws-at-tinet-s-a-4304078294, usando datos básicos
[2026-02-06 22:53:04,136] WARNING: Oferta incompleta descartada: Oferta 11
[2026-02-06 22:53:04,496] WARNING: No se pudo acceder a https://cl.linkedin.com/jobs/view/desarrollador-fullstack-centro-de-negocios-at-banco-de-chile-4368853084, usando datos básicos
[2026-02-06 22:53:04,496] WARNING: Oferta incompleta descartada: Oferta 12
[2026-02-06 22:53:04,856] WARNING: No se pudo acceder a https://cl.linkedin.com/jobs/view/full-stack-developer-at-planok-latam-4366050610, usando datos básicos
[2026-02-06 22:53:04,857] WARNING: Oferta incompleta descartada: Oferta 13
[2026-02-06 22:53:05,217] WARNING: No se pudo acceder a https://cl.linkedin.com/jobs/view/full-stack-software-developer-engineer-at-talana-4357671508, usando datos básicos
[2026-02-06 22:53:05,218] WARNING: Oferta incompleta descartada: Oferta 14
[2026-02-06 22:53:05,577] WARNING: No se pudo acceder a https://cl.linkedin.com/jobs/view/practicante-fullstack-developer-at-falabella-4361571545, usando datos básicos
[2026-02-06 22:53:05,578] WARNING: Oferta incompleta descartada: Oferta 15
[2026-02-06 22:53:05,578] INFO: [OK] Procesadas 10 ofertas (incompletas eliminadas)
[2026-02-06 22:53:05,578] INFO: [OK] Ofertas procesadas: 10
[2026-02-06 22:53:05,578] INFO: 
======================================================================
[2026-02-06 22:53:05,578] INFO: LINKS DE OFERTAS EXTRAÍDAS:
[2026-02-06 22:53:05,578] INFO: ======================================================================
[2026-02-06 22:53:05,578] INFO: 1. Oferta 1 - N/A
[2026-02-06 22:53:05,578] INFO:    [LINK] https://cl.linkedin.com/jobs/view/desarrollador-back-end-python-at-agencia-de-aduanas-felipe-serrano-4343946259
[2026-02-06 22:53:05,579] INFO: 2. Oferta 2 - N/A
[2026-02-06 22:53:05,579] INFO:    [LINK] https://cl.linkedin.com/jobs/view/desarrollador-python-junior-trabajo-remoto-ref%23280789-at-bairesdev-4140199391
[2026-02-06 22:53:05,579] INFO: 3. Oferta 3 - N/A
[2026-02-06 22:53:05,579] INFO:    [LINK] https://cl.linkedin.com/jobs/view/desarrollador-backend-python-odoo-senior-at-avos-tech-chile-4196605315
[2026-02-06 22:53:05,579] INFO: 4. Oferta 4 - N/A
[2026-02-06 22:53:05,579] INFO:    [LINK] https://cl.linkedin.com/jobs/view/python-developer-at-perform-4330497081
[2026-02-06 22:53:05,579] INFO: 5. Oferta 5 - N/A
[2026-02-06 22:53:05,579] INFO:    [LINK] https://cl.linkedin.com/jobs/view/backend-engineer-junior-at-avos-tech-chile-4238999860
[2026-02-06 22:53:05,579] INFO: 6. Oferta 6 - N/A
[2026-02-06 22:53:05,580] INFO:    [LINK] https://cl.linkedin.com/jobs/view/python-engineer-at-launch-potato-4367396942
[2026-02-06 22:53:05,580] INFO: 7. Oferta 7 - N/A
[2026-02-06 22:53:05,580] INFO:    [LINK] https://cl.linkedin.com/jobs/view/buscamos-backend-developer-at-grupo-maclean-servicios-integrales-4264276213
[2026-02-06 22:53:05,580] INFO: 8. Oferta 8 - N/A
[2026-02-06 22:53:05,580] INFO:    [LINK] https://cl.linkedin.com/jobs/view/senior-python-engineer-at-abaqus-4345917555
[2026-02-06 22:53:05,580] INFO: 9. Oferta 9 - N/A
[2026-02-06 22:53:05,580] INFO:    [LINK] https://cl.linkedin.com/jobs/view/desarrollador-backend-junior-python-investigaci%C3%B3n-%2B-desarrollo-trabajo-remoto-ref%23272736-at-bairesdev-4140301220
[2026-02-06 22:53:05,580] INFO: 10. Oferta 10 - N/A
[2026-02-06 22:53:05,581] INFO:    [LINK] https://cl.linkedin.com/jobs/view/backend-python-developer-scrapy-web-scraping-at-azkait-4344550841
[2026-02-06 22:53:05,581] INFO: ======================================================================
[2026-02-06 22:53:05,581] INFO: 
[3/3] Iniciando Storage...
[2026-02-06 22:53:05,582] INFO: CSV existente. Verificando duplicados...
[2026-02-06 22:53:05,604] INFO: Leídas 16 ofertas del CSV
[2026-02-06 22:53:05,605] INFO: [OK] CSV Actualizado. Estadisticas: {'total_ofertas': 16, 'empresas_unicas': 0, 'ubicaciones_unicas': 1, 'salarios_disponibles': 0}
[2026-02-06 22:53:05,605] INFO: 
======================================================================
[2026-02-06 22:53:05,605] INFO: PIPELINE EJECUTADO EXITOSAMENTE
[2026-02-06 22:53:05,605] INFO: Total de ofertas de LinkedIn: 16
[2026-02-06 22:53:05,605] INFO: Empresas unicas: 0
[2026-02-06 22:53:05,605] INFO: Ubicaciones diversas encontradas: 1
[2026-02-06 22:53:05,606] INFO: ======================================================================
[2026-02-06 22:54:14,179] INFO: ======================================================================
[2026-02-06 22:54:14,179] INFO: INICIANDO JOBSPEED - SPRINT 1
[2026-02-06 22:54:14,179] INFO: Timestamp: 2026-02-06 22:54:14
[2026-02-06 22:54:14,179] INFO: ======================================================================
[2026-02-06 22:54:14,179] INFO: 
[1/3] Iniciando Collector (LinkedIn con Selenium)...
[2026-02-06 22:54:14,180] INFO: [COLLECTOR] Iniciando extraccion de links: 'python developer' (Chile) -> 15
[2026-02-06 22:54:14,180] INFO: [COLLECTOR] Iniciando navegador Chrome...
[2026-02-06 22:54:14,180] INFO: ====== WebDriver manager ======
[2026-02-06 22:54:14,854] INFO: Get LATEST chromedriver version for google-chrome
[2026-02-06 22:54:15,173] INFO: Get LATEST chromedriver version for google-chrome
[2026-02-06 22:54:15,479] INFO: Driver [C:\Users\sebar\.wdm\drivers\chromedriver\win64\144.0.7559.133\chromedriver-win32/THIRD_PARTY_NOTICES.chromedriver] found in cache
[2026-02-06 22:54:16,499] INFO: [COLLECTOR] Navegador iniciado
[2026-02-06 22:54:16,500] INFO: [COLLECTOR] Accediendo a LinkedIn: https://www.linkedin.com/jobs/search/?keywords=python%20developer&location=Chile
[2026-02-06 22:54:22,346] INFO: [COLLECTOR] Scrolling para cargar ofertas...
[2026-02-06 22:54:24,874] INFO: [COLLECTOR] Extrayendo enlaces...
[2026-02-06 22:54:25,133] INFO: [COLLECTOR] Total enlaces extraidos: 15
[2026-02-06 22:54:25,133] INFO: [COLLECTOR] Total ofertas procesadas: 15
[2026-02-06 22:54:25,133] INFO: [COLLECTOR] Cerrando navegador Chrome...
[2026-02-06 22:54:31,548] INFO: [COLLECTOR] Deduplicacion: 15 enlaces unicos
[2026-02-06 22:54:31,548] INFO: [OK] Ofertas extraídas y deduplicadas: 15
[2026-02-06 22:54:31,548] INFO: 
[2/3] Iniciando Parser...
[2026-02-06 22:54:31,549] INFO: Iniciando procesamiento de 15 ofertas
[2026-02-06 22:54:38,696] WARNING: No se pudo acceder a https://cl.linkedin.com/jobs/view/desarrollador-backend-python-odoo-semi-senior-at-avos-tech-chile-4211435570, usando datos básicos
[2026-02-06 22:54:38,697] WARNING: Oferta incompleta descartada: Oferta 11
[2026-02-06 22:54:38,825] WARNING: No se pudo acceder a https://cl.linkedin.com/jobs/view/desarrollador-fullstack-centro-de-negocios-at-banco-de-chile-4368853084, usando datos básicos
[2026-02-06 22:54:38,825] WARNING: Oferta incompleta descartada: Oferta 12
[2026-02-06 22:54:38,953] WARNING: No se pudo acceder a https://cl.linkedin.com/jobs/view/backend-engineer-at-avos-tech-chile-4153173548, usando datos básicos
[2026-02-06 22:54:38,953] WARNING: Oferta incompleta descartada: Oferta 13
[2026-02-06 22:54:39,084] WARNING: No se pudo acceder a https://cl.linkedin.com/jobs/view/desarrollador-python-aws-at-tinet-s-a-4304078294, usando datos básicos
[2026-02-06 22:54:39,084] WARNING: Oferta incompleta descartada: Oferta 14
[2026-02-06 22:54:39,445] WARNING: No se pudo acceder a https://cl.linkedin.com/jobs/view/senior-python-engineer-at-abaqus-4345917555, usando datos básicos
[2026-02-06 22:54:39,445] WARNING: Oferta incompleta descartada: Oferta 15
[2026-02-06 22:54:39,446] INFO: [OK] Procesadas 10 ofertas (incompletas eliminadas)
[2026-02-06 22:54:39,446] INFO: [OK] Ofertas procesadas: 10
[2026-02-06 22:54:39,446] INFO: 
======================================================================
[2026-02-06 22:54:39,446] INFO: LINKS DE OFERTAS EXTRAÍDAS:
[2026-02-06 22:54:39,446] INFO: ======================================================================
[2026-02-06 22:54:39,446] INFO: 1. Oferta 1 - N/A
[2026-02-06 22:54:39,446] INFO:    [LINK] https://cl.linkedin.com/jobs/view/full-stack-engineer-at-dots-4249314551
[2026-02-06 22:54:39,447] INFO: 2. Oferta 2 - N/A
[2026-02-06 22:54:39,447] INFO:    [LINK] https://cl.linkedin.com/jobs/view/desarrollador-full-stack-junior-at-wall-partners-4351192752
[2026-02-06 22:54:39,447] INFO: 3. Oferta 3 - N/A
[2026-02-06 22:54:39,447] INFO:    [LINK] https://cl.linkedin.com/jobs/view/desarrollador-a-full-stack-react-microservicios-at-bc-tecnolog%C3%ADa-4367937714
[2026-02-06 22:54:39,447] INFO: 4. Oferta 4 - N/A
[2026-02-06 22:54:39,447] INFO:    [LINK] https://cl.linkedin.com/jobs/view/python-django-developer-at-carelinx-by-sharecare-4321987378
[2026-02-06 22:54:39,447] INFO: 5. Oferta 5 - N/A
[2026-02-06 22:54:39,447] INFO:    [LINK] https://cl.linkedin.com/jobs/view/full-stack-engineer-at-mercado-libre-4354241488
[2026-02-06 22:54:39,448] INFO: 6. Oferta 6 - N/A
[2026-02-06 22:54:39,448] INFO:    [LINK] https://cl.linkedin.com/jobs/view/software-engineer-front-end-developer-at-2brains-4368242579
[2026-02-06 22:54:39,448] INFO: 7. Oferta 7 - N/A
[2026-02-06 22:54:39,448] INFO:    [LINK] https://cl.linkedin.com/jobs/view/sr-backend-developer-python-100%25-remoto-at-stefanini-latam-4330888163
[2026-02-06 22:54:39,448] INFO: 8. Oferta 8 - N/A
[2026-02-06 22:54:39,448] INFO:    [LINK] https://cl.linkedin.com/jobs/view/backend-developer-python-o-c%2B%2B-%E2%80%93-proyecto-internacional-full-remoto-at-hr-profile-4359758012
[2026-02-06 22:54:39,448] INFO: 9. Oferta 9 - N/A
[2026-02-06 22:54:39,448] INFO:    [LINK] https://cl.linkedin.com/jobs/view/freelance-machine-learning-engineer-python-at-mindrift-4368606540
[2026-02-06 22:54:39,449] INFO: 10. Oferta 10 - N/A
[2026-02-06 22:54:39,449] INFO:    [LINK] https://cl.linkedin.com/jobs/view/freelance-senior-python-developer-functional-test-frameworks-at-mindrift-4368175759
[2026-02-06 22:54:39,449] INFO: ======================================================================
[2026-02-06 22:54:39,449] INFO: 
[3/3] Iniciando Storage...
[2026-02-06 22:54:39,450] INFO: CSV existente. Verificando duplicados...
[2026-02-06 22:54:39,473] INFO: Leídas 23 ofertas del CSV
[2026-02-06 22:54:39,474] INFO: [OK] CSV Actualizado. Estadisticas: {'total_ofertas': 23, 'empresas_unicas': 0, 'ubicaciones_unicas': 1, 'salarios_disponibles': 0}
[2026-02-06 22:54:39,475] INFO: 
======================================================================
[2026-02-06 22:54:39,475] INFO: PIPELINE EJECUTADO EXITOSAMENTE
[2026-02-06 22:54:39,475] INFO: Total de ofertas de LinkedIn: 23
[2026-02-06 22:54:39,475] INFO: Empresas unicas: 0
[2026-02-06 22:54:39,475] INFO: Ubicaciones diversas encontradas: 1
[2026-02-06 22:54:39,476] INFO: ======================================================================
[2026-02-07 18:27:28,227] INFO: ======================================================================
[2026-02-07 18:27:28,227] INFO: INICIANDO JOBSPEED - SPRINT 1
[2026-02-07 18:27:28,227] INFO: Timestamp: 2026-02-07 18:27:28
[2026-02-07 18:27:28,227] INFO: ======================================================================
[2026-02-07 18:27:28,228] INFO: 
[1/3] Iniciando Collector (LinkedIn con Selenium)...
[2026-02-07 18:27:28,228] INFO: [COLLECTOR] Iniciando extraccion de links: 'python developer' (Chile) -> 15
[2026-02-07 18:27:28,228] INFO: [COLLECTOR] Iniciando navegador Chrome...
[2026-02-07 18:27:28,228] INFO: ====== WebDriver manager ======
[2026-02-07 18:27:28,847] INFO: Get LATEST chromedriver version for google-chrome
[2026-02-07 18:27:29,265] INFO: Get LATEST chromedriver version for google-chrome
[2026-02-07 18:27:29,557] INFO: Get LATEST chromedriver version for google-chrome
[2026-02-07 18:27:30,216] INFO: WebDriver version 144.0.7559.133 selected
[2026-02-07 18:27:30,216] INFO: Modern chrome version https://storage.googleapis.com/chrome-for-testing-public/144.0.7559.133/win32/chromedriver-win32.zip
[2026-02-07 18:27:30,216] INFO: About to download new driver from https://storage.googleapis.com/chrome-for-testing-public/144.0.7559.133/win32/chromedriver-win32.zip
[2026-02-07 18:27:30,520] INFO: Driver downloading response is 200
[2026-02-07 18:27:30,613] INFO: Get LATEST chromedriver version for google-chrome
[2026-02-07 18:27:31,004] INFO: Driver has been saved in cache [C:\Users\sebar\.wdm\drivers\chromedriver\win64\144.0.7559.133]
[2026-02-07 18:27:32,945] INFO: [COLLECTOR] Navegador iniciado
[2026-02-07 18:27:32,945] INFO: [COLLECTOR] Accediendo a LinkedIn: https://www.linkedin.com/jobs/search/?keywords=python%20developer&location=Chile
[2026-02-07 18:27:37,499] INFO: [COLLECTOR] Scrolling para cargar ofertas...
[2026-02-07 18:27:40,023] INFO: [COLLECTOR] Extrayendo enlaces...
[2026-02-07 18:27:40,310] INFO: [COLLECTOR] Total enlaces extraidos: 15
[2026-02-07 18:27:40,310] INFO: [COLLECTOR] Total ofertas procesadas: 15
[2026-02-07 18:27:40,310] INFO: [COLLECTOR] Cerrando navegador Chrome...
[2026-02-07 18:27:46,656] INFO: [COLLECTOR] Deduplicacion: 15 enlaces unicos
[2026-02-07 18:27:46,656] INFO: [OK] Ofertas extraídas y deduplicadas: 15
[2026-02-07 18:27:46,656] INFO: 
[2/3] Iniciando Parser...
[2026-02-07 18:27:46,657] INFO: Iniciando procesamiento de 15 ofertas
[2026-02-07 18:27:50,375] WARNING: No se pudo acceder a https://cl.linkedin.com/jobs/view/software-engineer-back-end-o-front-end-at-cordada-4344652331, usando datos básicos
[2026-02-07 18:27:50,375] WARNING: Oferta incompleta descartada: Oferta 6
[2026-02-07 18:27:50,511] WARNING: No se pudo acceder a https://cl.linkedin.com/jobs/view/fullstack-python-at-tata-consultancy-services-4369244448, usando datos básicos
[2026-02-07 18:27:50,512] WARNING: Oferta incompleta descartada: Oferta 7
[2026-02-07 18:27:50,653] WARNING: No se pudo acceder a https://cl.linkedin.com/jobs/view/desarrollador-fullstack-centro-de-negocios-at-banco-de-chile-4368853084, usando datos básicos
[2026-02-07 18:27:50,653] WARNING: Oferta incompleta descartada: Oferta 8
[2026-02-07 18:27:51,129] WARNING: No se pudo acceder a https://cl.linkedin.com/jobs/view/desarrollador-full-stack-at-universidad-finis-terrae-4367952483, usando datos básicos
[2026-02-07 18:27:51,129] WARNING: Oferta incompleta descartada: Oferta 9
[2026-02-07 18:27:51,620] WARNING: No se pudo acceder a https://cl.linkedin.com/jobs/view/full-stack-developer-at-evertec-4368273058, usando datos básicos
[2026-02-07 18:27:51,620] WARNING: Oferta incompleta descartada: Oferta 10
[2026-02-07 18:27:51,984] WARNING: No se pudo acceder a https://cl.linkedin.com/jobs/view/desarrollador-a-full-stack-react-microservicios-at-bc-tecnolog%C3%ADa-4367937714, usando datos básicos
[2026-02-07 18:27:51,984] WARNING: Oferta incompleta descartada: Oferta 11
[2026-02-07 18:27:52,346] WARNING: No se pudo acceder a https://cl.linkedin.com/jobs/view/full-stack-at-blue-express-4356607869, usando datos básicos
[2026-02-07 18:27:52,346] WARNING: Oferta incompleta descartada: Oferta 12
[2026-02-07 18:27:52,714] WARNING: No se pudo acceder a https://cl.linkedin.com/jobs/view/python-engineer-at-launch-potato-4367396942, usando datos básicos
[2026-02-07 18:27:52,714] WARNING: Oferta incompleta descartada: Oferta 13
[2026-02-07 18:27:53,072] WARNING: No se pudo acceder a https://cl.linkedin.com/jobs/view/python-developer-at-perform-4351453911, usando datos básicos
[2026-02-07 18:27:53,072] WARNING: Oferta incompleta descartada: Oferta 14
[2026-02-07 18:27:53,441] WARNING: No se pudo acceder a https://cl.linkedin.com/jobs/view/desarrollador-full-stack-junior-at-apiux-tech-4359840779, usando datos básicos
[2026-02-07 18:27:53,441] WARNING: Oferta incompleta descartada: Oferta 15
[2026-02-07 18:27:53,442] INFO: [OK] Procesadas 5 ofertas (incompletas eliminadas)
[2026-02-07 18:27:53,442] INFO: [OK] Ofertas procesadas: 5
[2026-02-07 18:27:53,442] INFO: 
======================================================================
[2026-02-07 18:27:53,442] INFO: LINKS DE OFERTAS EXTRAÍDAS:
[2026-02-07 18:27:53,442] INFO: ======================================================================
[2026-02-07 18:27:53,443] INFO: 1. Oferta 1 - N/A
[2026-02-07 18:27:53,443] INFO:    [LINK] https://cl.linkedin.com/jobs/view/backend-engineer-at-avos-tech-chile-4153173548
[2026-02-07 18:27:53,443] INFO: 2. Oferta 2 - N/A
[2026-02-07 18:27:53,443] INFO:    [LINK] https://cl.linkedin.com/jobs/view/desarrollador-full-stack-at-bc-tecnolog%C3%ADa-4324381604
[2026-02-07 18:27:53,443] INFO: 3. Oferta 3 - N/A
[2026-02-07 18:27:53,443] INFO:    [LINK] https://cl.linkedin.com/jobs/view/backend-developer-at-yol1-4363737722
[2026-02-07 18:27:53,443] INFO: 4. Oferta 4 - N/A
[2026-02-07 18:27:53,444] INFO:    [LINK] https://cl.linkedin.com/jobs/view/desarrollador-back-end-at-bice-vida-4367523573
[2026-02-07 18:27:53,444] INFO: 5. Oferta 5 - N/A
[2026-02-07 18:27:53,444] INFO:    [LINK] https://cl.linkedin.com/jobs/view/software-engineer-python-at-bc-tecnolog%C3%ADa-4330668365
[2026-02-07 18:27:53,444] INFO: ======================================================================
[2026-02-07 18:27:53,444] INFO: 
[3/3] Iniciando Storage...
[2026-02-07 18:27:53,464] INFO: CSV existente. Verificando duplicados...
[2026-02-07 18:27:53,511] INFO: Leídas 28 ofertas del CSV
[2026-02-07 18:27:53,516] INFO: [OK] CSV Actualizado. Estadisticas: {'total_ofertas': 28, 'empresas_unicas': 0, 'ubicaciones_unicas': 1, 'salarios_disponibles': 0}
[2026-02-07 18:27:53,516] INFO: 
======================================================================
[2026-02-07 18:27:53,516] INFO: PIPELINE EJECUTADO EXITOSAMENTE
[2026-02-07 18:27:53,516] INFO: Total de ofertas de LinkedIn: 28
[2026-02-07 18:27:53,516] INFO: Empresas unicas: 0
[2026-02-07 18:27:53,516] INFO: Ubicaciones diversas encontradas: 1
[2026-02-07 18:27:53,516] INFO: ======================================================================
[2026-02-07 18:30:42,462] INFO: ================================================================================
[2026-02-07 18:30:42,463] INFO: PIPELINE SPRINT 2 - SIMULACIÓN SIN SCRAPING
[2026-02-07 18:30:42,463] INFO: Timestamp: 2026-02-07 18:30:42
[2026-02-07 18:30:42,463] INFO: ================================================================================
[2026-02-07 18:30:42,463] INFO: 
[0/3] Conectando a Base de Datos...
[2026-02-07 18:30:42,464] INFO: Conectado a BD: data\jobspeed.db
[2026-02-07 18:30:42,467] INFO:   Carrera: Ingeniería en Informática
[2026-02-07 18:30:42,467] INFO: 
[1/3] Ofertas de Ejemplo (simuladas)...
[2026-02-07 18:30:42,468] INFO: 
[2/3] Calculando Compatibilidad (Match Score)...
[2026-02-07 18:30:42,474] INFO: 
================================================================================
[2026-02-07 18:30:42,474] INFO: RANKING DE OFERTAS POR COMPATIBILIDAD
[2026-02-07 18:30:42,474] INFO: ================================================================================
[2026-02-07 18:30:42,474] INFO: 
#1. Senior Python Developer
[2026-02-07 18:30:42,474] INFO:     Empresa: Tech Corp
[2026-02-07 18:30:42,476] INFO: 
#2. Data Analyst
[2026-02-07 18:30:42,476] INFO:     Empresa: Analytics Solutions
[2026-02-07 18:30:42,477] INFO: 
#3. Quality Assurance Engineer
[2026-02-07 18:30:42,477] INFO:     Empresa: QA Pro
[2026-02-07 18:30:42,479] INFO: 
#4. Business Intelligence Developer
[2026-02-07 18:30:42,479] INFO:     Empresa: BI Innovations
[2026-02-07 18:30:42,480] INFO: 
#5. Software Architect
[2026-02-07 18:30:42,480] INFO:     Empresa: Enterprise Systems
[2026-02-07 18:30:42,482] INFO: 
#6. Project Manager IT
[2026-02-07 18:30:42,482] INFO:     Empresa: IT Consulting
[2026-02-07 18:30:42,483] INFO: 
================================================================================
[2026-02-07 18:30:42,483] INFO: 
[3/3] Guardando en CSV con Match Score...
[2026-02-07 18:30:42,486] INFO: CSV existente. Verificando duplicados...
[2026-02-07 18:30:42,506] INFO: Leídas 34 ofertas del CSV
[2026-02-07 18:30:42,507] INFO:   Total en BD: 34
[2026-02-07 18:30:42,507] INFO: 
================================================================================
[2026-02-07 18:30:42,507] INFO: CONTENIDO DEL CSV (últimas 3 ofertas)
[2026-02-07 18:30:42,507] INFO: ================================================================================
[2026-02-07 18:30:42,509] INFO: Leídas 3 ofertas del CSV
[2026-02-07 18:30:42,509] INFO: 
1. Oferta 1 - nan
[2026-02-07 18:30:42,509] INFO:    Match Score: nan%
[2026-02-07 18:30:42,509] INFO:    URL: https://cl.linkedin.com/jobs/view/fullstack-python-at-tata-consultancy-services-4369244448
[2026-02-07 18:30:42,510] INFO: 
2. Oferta 2 - nan
[2026-02-07 18:30:42,510] INFO:    Match Score: nan%
[2026-02-07 18:30:42,510] INFO:    URL: https://cl.linkedin.com/jobs/view/desarrollador-backend-python-odoo-senior-at-avos-tech-chile-4196605315
[2026-02-07 18:30:42,510] INFO: 
3. Oferta 3 - nan
[2026-02-07 18:30:42,510] INFO:    Match Score: nan%
[2026-02-07 18:30:42,510] INFO:    URL: https://cl.linkedin.com/jobs/view/desarrollador-a-full-stack-react-microservicios-at-bc-tecnolog%C3%ADa-4367937714
[2026-02-07 18:30:42,512] INFO: 
================================================================================
[2026-02-07 18:30:42,512] INFO: PIPELINE COMPLETADO EXITOSAMENTE
[2026-02-07 18:30:42,516] INFO: ================================================================================
[2026-02-07 18:30:42,516] INFO: 
Ahora puedes ejecutar: python main.py (con scraping real)
[2026-02-07 18:30:42,516] INFO: ================================================================================

[2026-02-07 18:30:42,516] INFO: Conexión a BD cerrada
[2026-02-07 18:53:12,086] INFO: ================================================================================
[2026-02-07 18:53:12,086] INFO: PIPELINE SPRINT 2 - SIMULACIÓN SIN SCRAPING
[2026-02-07 18:53:12,086] INFO: Timestamp: 2026-02-07 18:53:12
[2026-02-07 18:53:12,086] INFO: ================================================================================
[2026-02-07 18:53:12,086] INFO: 
[0/3] Conectando a Base de Datos...
[2026-02-07 18:53:12,086] INFO: Conectado a BD: data\jobspeed.db
[2026-02-07 18:53:12,095] INFO:   Carrera: Ingeniería en Informática
[2026-02-07 18:53:12,095] INFO: 
[1/3] Ofertas de Ejemplo (simuladas)...
[2026-02-07 18:53:12,096] INFO: 
[2/3] Matcher - Calculando scores con Geographic Awareness...
[2026-02-07 18:53:12,110] INFO: 
================================================================================
[2026-02-07 18:53:12,110] INFO: OFERTAS AGRUPADAS POR CATEGORÍA INTELIGENTE
[2026-02-07 18:53:12,110] INFO: ================================================================================
[2026-02-07 18:53:12,113] INFO: --------------------------------------------------------------------------------
[2026-02-07 18:53:12,113] INFO: 
  #1. Senior Python Developer
[2026-02-07 18:53:12,113] INFO:       Empresa: Tech Corp | Santiago, Chile
[2026-02-07 18:53:12,113] INFO:       Match Técnico: 100% | Proximidad: 100% | Score Final: 100.0%
[2026-02-07 18:53:12,113] INFO: 
  #2. Data Analyst
[2026-02-07 18:53:12,113] INFO:       Empresa: Analytics Solutions | Valparaíso, Chile
[2026-02-07 18:53:12,113] INFO:       Match Técnico: 100% | Proximidad: 100% | Score Final: 100.0%
[2026-02-07 18:53:12,114] INFO: 
  #3. Quality Assurance Engineer
[2026-02-07 18:53:12,114] INFO:       Empresa: QA Pro | Concepción, Chile
[2026-02-07 18:53:12,114] INFO:       Match Técnico: 100% | Proximidad: 100% | Score Final: 100.0%
[2026-02-07 18:53:12,114] INFO: 
  #4. Business Intelligence Developer
[2026-02-07 18:53:12,114] INFO:       Empresa: BI Innovations | Santiago, Chile
[2026-02-07 18:53:12,114] INFO:       Match Técnico: 100% | Proximidad: 100% | Score Final: 100.0%
[2026-02-07 18:53:12,115] INFO: --------------------------------------------------------------------------------
[2026-02-07 18:53:12,115] INFO: 
  #5. Software Architect
[2026-02-07 18:53:12,115] INFO:       Empresa: Enterprise Systems | Viña del Mar, Chile
[2026-02-07 18:53:12,115] INFO:       Match Técnico: 0% | Proximidad: 100% | Score Final: 30.0%
[2026-02-07 18:53:12,115] INFO: 
  #6. Project Manager IT
[2026-02-07 18:53:12,115] INFO:       Empresa: IT Consulting | Buenos Aires, Argentina
[2026-02-07 18:53:12,115] INFO:       Match Técnico: 0% | Proximidad: 30% | Score Final: 9.0%
[2026-02-07 18:53:12,115] INFO: 
================================================================================
[2026-02-07 18:53:12,116] INFO: 
[3/3] Guardando en CSV con Geographic Scoring...
[2026-02-07 18:53:12,127] INFO: CSV existente. Verificando duplicados...
[2026-02-07 18:53:12,132] INFO: Todas las ofertas ya existen en el CSV
[2026-02-07 18:53:12,133] INFO: 
================================================================================
[2026-02-07 18:53:12,133] INFO: CONTENIDO DEL CSV (sample de 3 ofertas)
[2026-02-07 18:53:12,133] INFO: ================================================================================
[2026-02-07 18:53:12,135] INFO: Leídas 3 ofertas del CSV
[2026-02-07 18:53:12,135] INFO: 
1. Oferta 1 - nan
[2026-02-07 18:53:12,136] ERROR: Error: 'ciudad'
Traceback (most recent call last):
  File "C:\Users\sebar\AppData\Local\Packages\PythonSoftwareFoundation.Python.3.11_qbz5n2kfra8p0\LocalCache\local-packages\Python311\site-packages\pandas\core\indexes\base.py", line 3790, in get_loc
    return self._engine.get_loc(casted_key)
           ^^^^^^^^^^^^^^^^^^^^^^^^^^^^^^^^
  File "index.pyx", line 152, in pandas._libs.index.IndexEngine.get_loc
  File "index.pyx", line 181, in pandas._libs.index.IndexEngine.get_loc
  File "pandas\_libs\hashtable_class_helper.pxi", line 7080, in pandas._libs.hashtable.PyObjectHashTable.get_item
  File "pandas\_libs\hashtable_class_helper.pxi", line 7088, in pandas._libs.hashtable.PyObjectHashTable.get_item
KeyError: 'ciudad'

The above exception was the direct cause of the following exception:

Traceback (most recent call last):
  File "C:\Users\sebar\Desktop\Programacion\JobSpeed\test_pipeline_sprint2.py", line 201, in main
    logger.info(f"   Ubicación: {row['ciudad']}, {row['pais']}")
                                 ~~~^^^^^^^^^^
  File "C:\Users\sebar\AppData\Local\Packages\PythonSoftwareFoundation.Python.3.11_qbz5n2kfra8p0\LocalCache\local-packages\Python311\site-packages\pandas\core\series.py", line 1040, in __getitem__
    return self._get_value(key)
           ^^^^^^^^^^^^^^^^^^^^
  File "C:\Users\sebar\AppData\Local\Packages\PythonSoftwareFoundation.Python.3.11_qbz5n2kfra8p0\LocalCache\local-packages\Python311\site-packages\pandas\core\series.py", line 1156, in _get_value
    loc = self.index.get_loc(label)
          ^^^^^^^^^^^^^^^^^^^^^^^^^
  File "C:\Users\sebar\AppData\Local\Packages\PythonSoftwareFoundation.Python.3.11_qbz5n2kfra8p0\LocalCache\local-packages\Python311\site-packages\pandas\core\indexes\base.py", line 3797, in get_loc
    raise KeyError(key) from err
KeyError: 'ciudad'
[2026-02-07 18:53:12,177] INFO: Conexión a BD cerrada
[2026-02-07 18:54:13,354] INFO: ================================================================================
[2026-02-07 18:54:13,354] INFO: PIPELINE SPRINT 2 - SIMULACIÓN SIN SCRAPING
[2026-02-07 18:54:13,354] INFO: Timestamp: 2026-02-07 18:54:13
[2026-02-07 18:54:13,354] INFO: ================================================================================
[2026-02-07 18:54:13,354] INFO: 
[0/3] Conectando a Base de Datos...
[2026-02-07 18:54:13,355] INFO: Conectado a BD: data\jobspeed.db
[2026-02-07 18:54:13,357] INFO:   Carrera: Ingeniería en Informática
[2026-02-07 18:54:13,357] INFO: 
[1/3] Ofertas de Ejemplo (simuladas)...
[2026-02-07 18:54:13,358] INFO: 
[2/3] Matcher - Calculando scores con Geographic Awareness...
[2026-02-07 18:54:13,366] INFO: 
================================================================================
[2026-02-07 18:54:13,366] INFO: OFERTAS AGRUPADAS POR CATEGORÍA INTELIGENTE
[2026-02-07 18:54:13,366] INFO: ================================================================================
[2026-02-07 18:54:13,367] INFO: --------------------------------------------------------------------------------
[2026-02-07 18:54:13,367] INFO: 
  #1. Senior Python Developer
[2026-02-07 18:54:13,367] INFO:       Empresa: Tech Corp | Santiago, Chile
[2026-02-07 18:54:13,367] INFO:       Match Técnico: 100% | Proximidad: 100% | Score Final: 100.0%
[2026-02-07 18:54:13,367] INFO: 
  #2. Data Analyst
[2026-02-07 18:54:13,367] INFO:       Empresa: Analytics Solutions | Valparaíso, Chile
[2026-02-07 18:54:13,367] INFO:       Match Técnico: 100% | Proximidad: 100% | Score Final: 100.0%
[2026-02-07 18:54:13,367] INFO: 
  #3. Quality Assurance Engineer
[2026-02-07 18:54:13,367] INFO:       Empresa: QA Pro | Concepción, Chile
[2026-02-07 18:54:13,367] INFO:       Match Técnico: 100% | Proximidad: 100% | Score Final: 100.0%
[2026-02-07 18:54:13,398] INFO: 
  #4. Business Intelligence Developer
[2026-02-07 18:54:13,398] INFO:       Empresa: BI Innovations | Santiago, Chile
[2026-02-07 18:54:13,398] INFO:       Match Técnico: 100% | Proximidad: 100% | Score Final: 100.0%
[2026-02-07 18:54:13,399] INFO: --------------------------------------------------------------------------------
[2026-02-07 18:54:13,399] INFO: 
  #5. Software Architect
[2026-02-07 18:54:13,399] INFO:       Empresa: Enterprise Systems | Viña del Mar, Chile
[2026-02-07 18:54:13,399] INFO:       Match Técnico: 0% | Proximidad: 100% | Score Final: 30.0%
[2026-02-07 18:54:13,399] INFO: 
  #6. Project Manager IT
[2026-02-07 18:54:13,399] INFO:       Empresa: IT Consulting | Buenos Aires, Argentina
[2026-02-07 18:54:13,399] INFO:       Match Técnico: 0% | Proximidad: 30% | Score Final: 9.0%
[2026-02-07 18:54:13,399] INFO: 
================================================================================
[2026-02-07 18:54:13,399] INFO: 
[3/3] Guardando en CSV con Geographic Scoring...
[2026-02-07 18:54:13,413] INFO: 
================================================================================
[2026-02-07 18:54:13,413] INFO: CONTENIDO DEL CSV (sample de 3 ofertas)
[2026-02-07 18:54:13,413] INFO: ================================================================================
[2026-02-07 18:54:13,425] INFO: Leídas 3 ofertas del CSV
[2026-02-07 18:54:13,425] INFO: 
1. Senior Python Developer - Tech Corp
[2026-02-07 18:54:13,425] INFO:    Ubicación: Santiago, Chile
[2026-02-07 18:54:13,425] INFO:    Match: 100% | Proximidad: 100% | Final: 100.0%
[2026-02-07 18:54:13,425] INFO:    Categoría: Recomendados
[2026-02-07 18:54:13,425] INFO: 
2. Data Analyst - Analytics Solutions
[2026-02-07 18:54:13,425] INFO:    Ubicación: Valparaíso, Chile
[2026-02-07 18:54:13,426] INFO:    Match: 100% | Proximidad: 100% | Final: 100.0%
[2026-02-07 18:54:13,426] INFO:    Categoría: Recomendados
[2026-02-07 18:54:13,426] INFO: 
3. Software Architect - Enterprise Systems
[2026-02-07 18:54:13,426] INFO:    Ubicación: Viña del Mar, Chile
[2026-02-07 18:54:13,426] INFO:    Match: 0% | Proximidad: 100% | Final: 30.0%
[2026-02-07 18:54:13,426] INFO:    Categoría: Otros
[2026-02-07 18:54:13,426] INFO: 
================================================================================
[2026-02-07 18:54:13,426] INFO: PIPELINE SPRINT 2 COMPLETADO EXITOSAMENTE
[2026-02-07 18:54:13,427] INFO: ================================================================================
[2026-02-07 18:54:13,427] INFO: 
NEXT: Ejecutar main.py para scraping real con LinkedIn
[2026-02-07 18:54:13,427] INFO: ================================================================================

[2026-02-07 18:54:13,427] INFO: Conexión a BD cerrada
[2026-02-07 18:55:17,525] INFO: ================================================================================
[2026-02-07 18:55:17,525] INFO: INICIANDO JOBSPEED - SPRINT 2
[2026-02-07 18:55:17,525] INFO: Timestamp: 2026-02-07 18:55:17
[2026-02-07 18:55:17,525] INFO: ================================================================================
[2026-02-07 18:55:17,525] INFO: 
[0/4] Conectando a Base de Datos...
[2026-02-07 18:55:17,526] INFO: Conectado a BD: data\jobspeed.db
[2026-02-07 18:55:17,529] INFO:   Carrera: Ingeniería en Informática
[2026-02-07 18:55:17,529] INFO:   Ubicación: Santiago, Chile
[2026-02-07 18:55:17,529] INFO: 
[1/4] Iniciando Collector (LinkedIn con Selenium)...
[2026-02-07 18:55:17,530] INFO: [COLLECTOR] Iniciando extraccion de links: 'python developer' (Chile) -> 15
[2026-02-07 18:55:17,530] INFO: [COLLECTOR] Iniciando navegador Chrome...
[2026-02-07 18:55:17,530] INFO: ====== WebDriver manager ======
[2026-02-07 18:55:18,197] INFO: Get LATEST chromedriver version for google-chrome
[2026-02-07 18:55:18,499] INFO: Get LATEST chromedriver version for google-chrome
[2026-02-07 18:55:18,779] INFO: Driver [C:\Users\sebar\.wdm\drivers\chromedriver\win64\144.0.7559.133\chromedriver-win32/THIRD_PARTY_NOTICES.chromedriver] found in cache
[2026-02-07 18:55:19,807] INFO: [COLLECTOR] Navegador iniciado
[2026-02-07 18:55:19,807] INFO: [COLLECTOR] Accediendo a LinkedIn: https://www.linkedin.com/jobs/search/?keywords=python%20developer&location=Chile
[2026-02-07 18:55:23,960] INFO: [COLLECTOR] Scrolling para cargar ofertas...
[2026-02-07 18:55:26,486] INFO: [COLLECTOR] Extrayendo enlaces...
[2026-02-07 18:55:26,713] INFO: [COLLECTOR] Total enlaces extraidos: 15
[2026-02-07 18:55:26,713] INFO: [COLLECTOR] Total ofertas procesadas: 15
[2026-02-07 18:55:26,713] INFO: [COLLECTOR] Cerrando navegador Chrome...
[2026-02-07 18:55:33,040] INFO: [COLLECTOR] Deduplicacion: 15 enlaces unicos
[2026-02-07 18:55:33,042] INFO: 
[2/4] Iniciando Parser...
[2026-02-07 18:55:33,042] INFO: Iniciando procesamiento de 15 ofertas
[2026-02-07 18:55:36,678] WARNING: No se pudo acceder a https://cl.linkedin.com/jobs/view/practicante-fullstack-developer-at-falabella-4361571545, usando datos básicos
[2026-02-07 18:55:36,679] WARNING: Oferta incompleta descartada: Oferta 6
[2026-02-07 18:55:36,921] WARNING: No se pudo acceder a https://cl.linkedin.com/jobs/view/back-end-developer-python-at-talana-4328313160, usando datos básicos
[2026-02-07 18:55:36,921] WARNING: Oferta incompleta descartada: Oferta 7
[2026-02-07 18:55:37,394] WARNING: No se pudo acceder a https://cl.linkedin.com/jobs/view/software-engineer-python-ubuntu-pro-client-graduate-level-at-canonical-4233277100, usando datos básicos
[2026-02-07 18:55:37,394] WARNING: Oferta incompleta descartada: Oferta 8
[2026-02-07 18:55:37,870] WARNING: No se pudo acceder a https://cl.linkedin.com/jobs/view/desarrollador-backend-junior-python-investigaci%C3%B3n-%2B-desarrollo-trabajo-remoto-ref%23272736-at-bairesdev-4140301220, usando datos básicos
[2026-02-07 18:55:37,870] WARNING: Oferta incompleta descartada: Oferta 9
[2026-02-07 18:55:38,342] WARNING: No se pudo acceder a https://cl.linkedin.com/jobs/view/backend-developer-at-yol1-4363737722, usando datos básicos
[2026-02-07 18:55:38,342] WARNING: Oferta incompleta descartada: Oferta 10
[2026-02-07 18:55:38,705] WARNING: No se pudo acceder a https://cl.linkedin.com/jobs/view/software-engineer-back-end-o-front-end-at-cordada-4344652331, usando datos básicos
[2026-02-07 18:55:38,705] WARNING: Oferta incompleta descartada: Oferta 11
[2026-02-07 18:55:39,075] WARNING: No se pudo acceder a https://cl.linkedin.com/jobs/view/python-django-developer-at-carelinx-by-sharecare-4321987378, usando datos básicos
[2026-02-07 18:55:39,075] WARNING: Oferta incompleta descartada: Oferta 12
[2026-02-07 18:55:39,435] WARNING: No se pudo acceder a https://cl.linkedin.com/jobs/view/desarrollador-python-aws-at-tinet-s-a-4304078294, usando datos básicos
[2026-02-07 18:55:39,435] WARNING: Oferta incompleta descartada: Oferta 13
[2026-02-07 18:55:39,794] WARNING: No se pudo acceder a https://cl.linkedin.com/jobs/view/desarrollador-backend-arduino-at-avos-tech-chile-4293211347, usando datos básicos
[2026-02-07 18:55:39,794] WARNING: Oferta incompleta descartada: Oferta 14
[2026-02-07 18:55:40,154] WARNING: No se pudo acceder a https://cl.linkedin.com/jobs/view/developer-front-end-web-semi-senior-at-tinet-s-a-4081555759, usando datos básicos
[2026-02-07 18:55:40,154] WARNING: Oferta incompleta descartada: Oferta 15
[2026-02-07 18:55:40,154] INFO: [OK] Procesadas 5 ofertas (incompletas eliminadas)
[2026-02-07 18:55:40,157] INFO: 
[3/4] Calculando Compatibilidad (Match Score + Proximidad)...
[2026-02-07 18:55:40,164] INFO: 
==========================================================================================
[2026-02-07 18:55:40,164] INFO: RESULTADOS JOBSPEED - RANKING INTELIGENTE
[2026-02-07 18:55:40,164] INFO: ==========================================================================================
[2026-02-07 18:55:40,166] INFO: ------------------------------------------------------------------------------------------
[2026-02-07 18:55:40,166] INFO: 
#1. Oferta 1 - N/A
[2026-02-07 18:55:40,166] INFO:     Ubicación: N/A, N/A
[2026-02-07 18:55:40,166] INFO:     Score: 79.0% (Match: 100.0%)
[2026-02-07 18:55:40,167] INFO: 
==========================================================================================
[2026-02-07 18:55:40,167] INFO: 
[4/4] Iniciando Storage...
[2026-02-07 18:55:40,168] WARNING: Columna faltante: pais. Agregando con valores N/A
[2026-02-07 18:55:40,169] WARNING: Columna faltante: ciudad. Agregando con valores N/A
[2026-02-07 18:55:40,170] INFO: CSV existente. Verificando duplicados...
[2026-02-07 18:55:40,188] INFO: Leídas 11 ofertas del CSV
[2026-02-07 18:55:40,189] ERROR: Error calculando estadísticas: 'ubicacion'
[2026-02-07 18:55:40,190] INFO: 
================================================================================
[2026-02-07 18:55:40,190] INFO: PIPELINE EJECUTADO EXITOSAMENTE
[2026-02-07 18:55:40,191] INFO: Total de ofertas procesadas: 5
[2026-02-07 18:55:40,191] INFO: Empresas únicas: 0
[2026-02-07 18:55:40,191] INFO: Ubicaciones: 0
[2026-02-07 18:55:40,192] INFO:   1. Oferta 1 - Score: 79.0%
[2026-02-07 18:55:40,192] INFO:   2. Oferta 2 - Score: 9.0%
[2026-02-07 18:55:40,192] INFO:   3. Oferta 3 - Score: 9.0%
[2026-02-07 18:55:40,192] INFO: ================================================================================
[2026-02-07 18:55:40,193] INFO: Conexión a BD cerrada
[2026-02-07 19:57:19,650] INFO: ================================================================================
[2026-02-07 19:57:19,650] INFO: INICIANDO JOBSPEED - SPRINT 2
[2026-02-07 19:57:19,650] INFO: Timestamp: 2026-02-07 19:57:19
[2026-02-07 19:57:19,650] INFO: ================================================================================
[2026-02-07 19:57:19,650] INFO: 
[0/4] Conectando a Base de Datos...
[2026-02-07 19:57:19,650] INFO: Conectado a BD: data\jobspeed.db
[2026-02-07 19:57:19,650] INFO:   Carrera: Ingeniería en Informática
[2026-02-07 19:57:19,650] INFO:   Ubicación: Santiago, Chile
[2026-02-07 19:57:19,650] INFO: 
[1/4] Iniciando Collector (LinkedIn con Selenium)...
[2026-02-07 19:57:19,650] INFO: [COLLECTOR] Iniciando extraccion de links: 'python developer' (Chile) -> 15
[2026-02-07 19:57:19,650] INFO: [COLLECTOR] Iniciando navegador Chrome...
[2026-02-07 19:57:19,650] INFO: ====== WebDriver manager ======
[2026-02-07 19:57:20,342] INFO: Get LATEST chromedriver version for google-chrome
[2026-02-07 19:57:20,668] INFO: Get LATEST chromedriver version for google-chrome
[2026-02-07 19:57:20,960] INFO: Driver [C:\Users\sebar\.wdm\drivers\chromedriver\win64\144.0.7559.133\chromedriver-win32/THIRD_PARTY_NOTICES.chromedriver] found in cache
[2026-02-07 19:57:22,048] INFO: [COLLECTOR] Navegador iniciado
[2026-02-07 19:57:22,048] INFO: [COLLECTOR] Accediendo a LinkedIn: https://www.linkedin.com/jobs/search/?keywords=python%20developer&location=Chile
[2026-02-07 19:57:26,264] INFO: [COLLECTOR] Scrolling para cargar ofertas...
[2026-02-07 19:57:28,791] INFO: [COLLECTOR] Extrayendo enlaces...
[2026-02-07 19:57:29,023] INFO: [COLLECTOR] Total enlaces extraidos: 15
[2026-02-07 19:57:29,023] INFO: [COLLECTOR] Total ofertas procesadas: 15
[2026-02-07 19:57:29,023] INFO: [COLLECTOR] Cerrando navegador Chrome...
[2026-02-07 19:57:35,419] INFO: [COLLECTOR] Deduplicacion: 15 enlaces unicos
[2026-02-07 19:57:35,421] INFO: 
[2/4] Iniciando Parser...
[2026-02-07 19:57:35,421] INFO: Iniciando procesamiento de 15 ofertas
[2026-02-07 19:57:39,133] WARNING: No se pudo acceder a https://cl.linkedin.com/jobs/view/php-python-developer-at-sovos-4358089651, usando datos básicos
[2026-02-07 19:57:39,134] WARNING: Oferta incompleta descartada: Oferta 6
[2026-02-07 19:57:39,260] WARNING: No se pudo acceder a https://cl.linkedin.com/jobs/view/desarrollador-fullstack-centro-de-negocios-at-banco-de-chile-4368853084, usando datos básicos
[2026-02-07 19:57:39,260] WARNING: Oferta incompleta descartada: Oferta 7
[2026-02-07 19:57:39,391] WARNING: No se pudo acceder a https://cl.linkedin.com/jobs/view/practicante-fullstack-developer-at-falabella-4361571545, usando datos básicos
[2026-02-07 19:57:39,391] WARNING: Oferta incompleta descartada: Oferta 8
[2026-02-07 19:57:39,868] WARNING: No se pudo acceder a https://cl.linkedin.com/jobs/view/python-developer-at-perform-4351453911, usando datos básicos
[2026-02-07 19:57:39,868] WARNING: Oferta incompleta descartada: Oferta 9
[2026-02-07 19:57:40,342] WARNING: No se pudo acceder a https://cl.linkedin.com/jobs/view/software-engineer-python-ubuntu-pro-client-graduate-level-at-canonical-4233277100, usando datos básicos
[2026-02-07 19:57:40,342] WARNING: Oferta incompleta descartada: Oferta 10
[2026-02-07 19:57:40,705] WARNING: No se pudo acceder a https://cl.linkedin.com/jobs/view/back-end-software-engineer-data-cloud-at-neuralworks-4369110659, usando datos básicos
[2026-02-07 19:57:40,705] WARNING: Oferta incompleta descartada: Oferta 11
[2026-02-07 19:57:41,065] WARNING: No se pudo acceder a https://cl.linkedin.com/jobs/view/freelance-senior-python-developer-functional-test-frameworks-at-mindrift-4368175759, usando datos básicos
[2026-02-07 19:57:41,066] WARNING: Oferta incompleta descartada: Oferta 12
[2026-02-07 19:57:41,425] WARNING: No se pudo acceder a https://cl.linkedin.com/jobs/view/desarrollador-backend-junior-python-investigaci%C3%B3n-%2B-desarrollo-trabajo-remoto-ref%23272736-at-bairesdev-4140301220, usando datos básicos
[2026-02-07 19:57:41,426] WARNING: Oferta incompleta descartada: Oferta 13
[2026-02-07 19:57:41,789] WARNING: No se pudo acceder a https://cl.linkedin.com/jobs/view/desarrollador-full-stack-junior-at-wall-partners-4351192752, usando datos básicos
[2026-02-07 19:57:41,789] WARNING: Oferta incompleta descartada: Oferta 14
[2026-02-07 19:57:42,148] WARNING: No se pudo acceder a https://cl.linkedin.com/jobs/view/desarrollador-backend-python-odoo-semi-senior-at-avos-tech-chile-4211435570, usando datos básicos
[2026-02-07 19:57:42,148] WARNING: Oferta incompleta descartada: Oferta 15
[2026-02-07 19:57:42,148] INFO: [OK] Procesadas 5 ofertas (incompletas eliminadas)
[2026-02-07 19:57:42,150] INFO: 
[3/4] Calculando Compatibilidad (Match Score + Proximidad)...
[2026-02-07 19:57:42,157] INFO: 
==========================================================================================
[2026-02-07 19:57:42,157] INFO: RESULTADOS JOBSPEED - RANKING INTELIGENTE
[2026-02-07 19:57:42,157] INFO: ==========================================================================================
[2026-02-07 19:57:42,159] INFO: ------------------------------------------------------------------------------------------
[2026-02-07 19:57:42,159] INFO: 
#1. Oferta 2 - N/A
[2026-02-07 19:57:42,159] INFO:     Ubicación: N/A, N/A
[2026-02-07 19:57:42,159] INFO:     Score: 79.0% (Match: 100.0%)
[2026-02-07 19:57:42,159] INFO: 
#2. Oferta 4 - N/A
[2026-02-07 19:57:42,160] INFO:     Ubicación: N/A, N/A
[2026-02-07 19:57:42,160] INFO:     Score: 79.0% (Match: 100.0%)
[2026-02-07 19:57:42,160] INFO: 
==========================================================================================
[2026-02-07 19:57:42,160] INFO: 
[4/4] Iniciando Storage...
[2026-02-07 19:57:42,161] WARNING: Columna faltante: pais. Agregando con valores N/A
[2026-02-07 19:57:42,161] WARNING: Columna faltante: ciudad. Agregando con valores N/A
[2026-02-07 19:57:42,162] INFO: CSV existente. Verificando duplicados...
[2026-02-07 19:57:42,181] INFO: Leídas 16 ofertas del CSV
[2026-02-07 19:57:42,181] ERROR: Error calculando estadísticas: 'ubicacion'
[2026-02-07 19:57:42,183] INFO: 
================================================================================
[2026-02-07 19:57:42,183] INFO: PIPELINE EJECUTADO EXITOSAMENTE
[2026-02-07 19:57:42,183] INFO: Total de ofertas procesadas: 5
[2026-02-07 19:57:42,183] INFO: Empresas únicas: 0
[2026-02-07 19:57:42,183] INFO: Ubicaciones: 0
[2026-02-07 19:57:42,185] INFO:   1. Oferta 2 - Score: 79.0%
[2026-02-07 19:57:42,185] INFO:   2. Oferta 4 - Score: 79.0%
[2026-02-07 19:57:42,185] INFO:   3. Oferta 1 - Score: 9.0%
[2026-02-07 19:57:42,185] INFO: ================================================================================
[2026-02-07 19:57:42,185] INFO: Conexión a BD cerrada
[2026-02-07 19:59:05,213] INFO: ================================================================================
[2026-02-07 19:59:05,213] INFO: INICIANDO JOBSPEED - SPRINT 2
[2026-02-07 19:59:05,214] INFO: Timestamp: 2026-02-07 19:59:05
[2026-02-07 19:59:05,214] INFO: ================================================================================
[2026-02-07 19:59:05,214] INFO: 
[0/4] Conectando a Base de Datos...
[2026-02-07 19:59:05,214] INFO: Conectado a BD: data\jobspeed.db
[2026-02-07 19:59:05,216] INFO:   Carrera: Ingeniería en Informática
[2026-02-07 19:59:05,216] INFO:   Ubicación: Santiago, Chile
[2026-02-07 19:59:05,216] INFO: 
[1/4] Iniciando Collector (LinkedIn con Selenium)...
[2026-02-07 19:59:05,216] INFO: [COLLECTOR] Iniciando extraccion de links: 'python developer' (Chile) -> 15
[2026-02-07 19:59:05,216] INFO: [COLLECTOR] Iniciando navegador Chrome...
[2026-02-07 19:59:05,216] INFO: ====== WebDriver manager ======
[2026-02-07 19:59:05,830] INFO: Get LATEST chromedriver version for google-chrome
[2026-02-07 19:59:06,135] INFO: Get LATEST chromedriver version for google-chrome
[2026-02-07 19:59:06,433] INFO: Driver [C:\Users\sebar\.wdm\drivers\chromedriver\win64\144.0.7559.133\chromedriver-win32/THIRD_PARTY_NOTICES.chromedriver] found in cache
[2026-02-07 19:59:07,480] INFO: [COLLECTOR] Navegador iniciado
[2026-02-07 19:59:07,480] INFO: [COLLECTOR] Accediendo a LinkedIn: https://www.linkedin.com/jobs/search/?keywords=python%20developer&location=Chile
[2026-02-07 19:59:12,683] INFO: [COLLECTOR] Scrolling para cargar ofertas...
[2026-02-07 19:59:15,205] INFO: [COLLECTOR] Extrayendo enlaces...
[2026-02-07 19:59:15,486] INFO: [COLLECTOR] Total enlaces extraidos: 15
[2026-02-07 19:59:15,486] INFO: [COLLECTOR] Total ofertas procesadas: 15
[2026-02-07 19:59:15,486] INFO: [COLLECTOR] Cerrando navegador Chrome...
[2026-02-07 19:59:21,825] INFO: [COLLECTOR] Deduplicacion: 15 enlaces unicos
[2026-02-07 19:59:21,825] INFO: 
[2/4] Iniciando Parser...
[2026-02-07 19:59:21,825] INFO: Iniciando procesamiento de 15 ofertas
[2026-02-07 19:59:25,491] WARNING: No se pudo acceder a https://cl.linkedin.com/jobs/view/desarrollador-backend-python-odoo-senior-at-avos-tech-chile-4196605315, usando datos básicos
[2026-02-07 19:59:25,491] WARNING: Oferta incompleta descartada: Oferta 6
[2026-02-07 19:59:25,734] WARNING: No se pudo acceder a https://cl.linkedin.com/jobs/view/desarrollador-backend-python-odoo-semi-senior-at-avos-tech-chile-4211435570, usando datos básicos
[2026-02-07 19:59:25,734] WARNING: Oferta incompleta descartada: Oferta 7
[2026-02-07 19:59:25,859] WARNING: No se pudo acceder a https://cl.linkedin.com/jobs/view/software-engineer-front-end-developer-at-2brains-4368242579, usando datos básicos
[2026-02-07 19:59:25,859] WARNING: Oferta incompleta descartada: Oferta 8
[2026-02-07 19:59:25,995] WARNING: No se pudo acceder a https://cl.linkedin.com/jobs/view/backend-engineer-at-avos-tech-chile-4153173548, usando datos básicos
[2026-02-07 19:59:25,995] WARNING: Oferta incompleta descartada: Oferta 9
[2026-02-07 19:59:26,230] WARNING: No se pudo acceder a https://cl.linkedin.com/jobs/view/senior-python-developer-at-btg-pactual-chile-4340397414, usando datos básicos
[2026-02-07 19:59:26,230] WARNING: Oferta incompleta descartada: Oferta 10
[2026-02-07 19:59:26,592] WARNING: No se pudo acceder a https://cl.linkedin.com/jobs/view/software-engineer-python-at-bc-tecnolog%C3%ADa-4330668365, usando datos básicos
[2026-02-07 19:59:26,592] WARNING: Oferta incompleta descartada: Oferta 11
[2026-02-07 19:59:26,949] WARNING: No se pudo acceder a https://cl.linkedin.com/jobs/view/python-django-developer-at-carelinx-by-sharecare-4321987378, usando datos básicos
[2026-02-07 19:59:26,949] WARNING: Oferta incompleta descartada: Oferta 12
[2026-02-07 19:59:27,318] WARNING: No se pudo acceder a https://cl.linkedin.com/jobs/view/desarrollador-back-end-python-at-agencia-de-aduanas-felipe-serrano-4343946259, usando datos básicos
[2026-02-07 19:59:27,318] WARNING: Oferta incompleta descartada: Oferta 13
[2026-02-07 19:59:27,678] WARNING: No se pudo acceder a https://cl.linkedin.com/jobs/view/full-stack-software-developer-engineer-at-talana-4328213365, usando datos básicos
[2026-02-07 19:59:27,678] WARNING: Oferta incompleta descartada: Oferta 14
[2026-02-07 19:59:28,046] WARNING: No se pudo acceder a https://cl.linkedin.com/jobs/view/python-developer-senior-level-at-globant-4329442162, usando datos básicos
[2026-02-07 19:59:28,046] WARNING: Oferta incompleta descartada: Oferta 15
[2026-02-07 19:59:28,046] INFO: [OK] Procesadas 5 ofertas (incompletas eliminadas)
[2026-02-07 19:59:28,058] INFO: 
[3/4] Calculando Compatibilidad (Match Score + Proximidad)...
[2026-02-07 19:59:28,064] INFO: 
==========================================================================================
[2026-02-07 19:59:28,064] INFO: RESULTADOS JOBSPEED - RANKING INTELIGENTE
[2026-02-07 19:59:28,064] INFO: ==========================================================================================
[2026-02-07 19:59:28,064] INFO: ------------------------------------------------------------------------------------------
[2026-02-07 19:59:28,064] INFO: 
#1. Oferta 1 - N/A
[2026-02-07 19:59:28,064] INFO:     Ubicación: N/A, N/A
[2026-02-07 19:59:28,064] INFO:     Score: 79.0% (Match: 100.0%)
[2026-02-07 19:59:28,064] INFO: 
==========================================================================================
[2026-02-07 19:59:28,064] INFO: 
[4/4] Iniciando Storage...
[2026-02-07 19:59:28,065] WARNING: Columna faltante: pais. Agregando con valores N/A
[2026-02-07 19:59:28,065] WARNING: Columna faltante: ciudad. Agregando con valores N/A
[2026-02-07 19:59:28,066] INFO: CSV existente. Verificando duplicados...
[2026-02-07 19:59:31,291] INFO: ================================================================================
[2026-02-07 19:59:31,291] INFO: INICIANDO JOBSPEED - SPRINT 2
[2026-02-07 19:59:31,292] INFO: Timestamp: 2026-02-07 19:59:31
[2026-02-07 19:59:31,292] INFO: ================================================================================
[2026-02-07 19:59:31,292] INFO: 
[0/4] Conectando a Base de Datos...
[2026-02-07 19:59:31,292] INFO: Conectado a BD: data\jobspeed.db
[2026-02-07 19:59:31,292] INFO:   Carrera: Ingeniería en Informática
[2026-02-07 19:59:31,292] INFO:   Ubicación: Santiago, Chile
[2026-02-07 19:59:31,292] INFO: 
[1/4] Iniciando Collector (LinkedIn con Selenium)...
[2026-02-07 19:59:31,292] INFO: [COLLECTOR] Iniciando extraccion de links: 'python developer' (Chile) -> 15
[2026-02-07 19:59:31,292] INFO: [COLLECTOR] Iniciando navegador Chrome...
[2026-02-07 19:59:31,292] INFO: ====== WebDriver manager ======
[2026-02-07 19:59:31,921] INFO: Get LATEST chromedriver version for google-chrome
[2026-02-07 19:59:32,232] INFO: Get LATEST chromedriver version for google-chrome
[2026-02-07 19:59:32,537] INFO: Driver [C:\Users\sebar\.wdm\drivers\chromedriver\win64\144.0.7559.133\chromedriver-win32/THIRD_PARTY_NOTICES.chromedriver] found in cache
[2026-02-07 19:59:33,513] INFO: [COLLECTOR] Navegador iniciado
[2026-02-07 19:59:33,513] INFO: [COLLECTOR] Accediendo a LinkedIn: https://www.linkedin.com/jobs/search/?keywords=python%20developer&location=Chile
[2026-02-07 19:59:37,812] INFO: [COLLECTOR] Scrolling para cargar ofertas...
[2026-02-07 19:59:40,337] INFO: [COLLECTOR] Extrayendo enlaces...
[2026-02-07 19:59:40,566] INFO: [COLLECTOR] Total enlaces extraidos: 15
[2026-02-07 19:59:40,567] INFO: [COLLECTOR] Total ofertas procesadas: 15
[2026-02-07 19:59:40,567] INFO: [COLLECTOR] Cerrando navegador Chrome...
[2026-02-07 19:59:46,954] INFO: [COLLECTOR] Deduplicacion: 15 enlaces unicos
[2026-02-07 19:59:46,955] INFO: 
[2/4] Iniciando Parser...
[2026-02-07 19:59:46,955] INFO: Iniciando procesamiento de 15 ofertas
[2026-02-07 19:59:50,579] WARNING: No se pudo acceder a https://cl.linkedin.com/jobs/view/backend-developer-at-ita%C3%BA-chile-4366790931, usando datos básicos
[2026-02-07 19:59:50,579] WARNING: Oferta incompleta descartada: Oferta 6
[2026-02-07 19:59:50,709] WARNING: No se pudo acceder a https://cl.linkedin.com/jobs/view/desarrollador-backend-arduino-at-avos-tech-chile-4249035439, usando datos básicos
[2026-02-07 19:59:50,709] WARNING: Oferta incompleta descartada: Oferta 7
[2026-02-07 19:59:50,829] WARNING: No se pudo acceder a https://cl.linkedin.com/jobs/view/desarrollador-a-full-stack-react-microservicios-at-bc-tecnolog%C3%ADa-4367937714, usando datos básicos
[2026-02-07 19:59:50,829] WARNING: Oferta incompleta descartada: Oferta 8
[2026-02-07 19:59:50,960] WARNING: No se pudo acceder a https://cl.linkedin.com/jobs/view/full-stack-engineer-at-mercado-libre-4354241488, usando datos básicos
[2026-02-07 19:59:50,960] WARNING: Oferta incompleta descartada: Oferta 9
[2026-02-07 19:59:51,438] WARNING: No se pudo acceder a https://cl.linkedin.com/jobs/view/desarrollador-backend-arduino-at-avos-tech-chile-4293211347, usando datos básicos
[2026-02-07 19:59:51,438] WARNING: Oferta incompleta descartada: Oferta 10
[2026-02-07 19:59:51,798] WARNING: No se pudo acceder a https://cl.linkedin.com/jobs/view/python-developer-at-perform-4351453911, usando datos básicos
[2026-02-07 19:59:51,798] WARNING: Oferta incompleta descartada: Oferta 11
[2026-02-07 19:59:51,930] WARNING: No se pudo acceder a https://cl.linkedin.com/jobs/view/software-engineer-front-end-developer-at-2brains-4368242579, usando datos básicos
[2026-02-07 19:59:51,930] WARNING: Oferta incompleta descartada: Oferta 12
[2026-02-07 19:59:52,058] WARNING: No se pudo acceder a https://cl.linkedin.com/jobs/view/desarrollador-python-junior-trabajo-remoto-at-bairesdev-4368234116, usando datos básicos
[2026-02-07 19:59:52,058] WARNING: Oferta incompleta descartada: Oferta 13
[2026-02-07 19:59:52,184] WARNING: No se pudo acceder a https://cl.linkedin.com/jobs/view/software-engineer-python-ubuntu-pro-client-graduate-level-at-canonical-4233277100, usando datos básicos
[2026-02-07 19:59:52,184] WARNING: Oferta incompleta descartada: Oferta 14
[2026-02-07 19:59:53,135] INFO: [OK] Procesadas 6 ofertas (incompletas eliminadas)
[2026-02-07 19:59:53,136] INFO: 
[3/4] Calculando Compatibilidad (Match Score + Proximidad)...
[2026-02-07 19:59:53,141] INFO: 
==========================================================================================
[2026-02-07 19:59:53,141] INFO: RESULTADOS JOBSPEED - RANKING INTELIGENTE
[2026-02-07 19:59:53,142] INFO: ==========================================================================================
[2026-02-07 19:59:53,142] INFO: 
==========================================================================================
[2026-02-07 19:59:53,142] INFO: 
[4/4] Iniciando Storage...
[2026-02-07 19:59:53,143] WARNING: Columna faltante: pais. Agregando con valores N/A
[2026-02-07 19:59:53,143] WARNING: Columna faltante: ciudad. Agregando con valores N/A
[2026-02-07 19:59:53,144] INFO: CSV existente. Verificando duplicados...
[2026-02-07 19:59:53,163] INFO: Leídas 21 ofertas del CSV
[2026-02-07 19:59:53,164] ERROR: Error calculando estadísticas: 'ubicacion'
[2026-02-07 19:59:53,164] INFO: 
================================================================================
[2026-02-07 19:59:53,164] INFO: PIPELINE EJECUTADO EXITOSAMENTE
[2026-02-07 19:59:53,164] INFO: Total de ofertas procesadas: 6
[2026-02-07 19:59:53,165] INFO: Empresas únicas: 0
[2026-02-07 19:59:53,165] INFO: Ubicaciones: 0
[2026-02-07 19:59:53,165] INFO:   1. Oferta 1 - Score: 9.0%
[2026-02-07 19:59:53,165] INFO:   2. Oferta 2 - Score: 9.0%
[2026-02-07 19:59:53,165] INFO:   3. Oferta 3 - Score: 9.0%
[2026-02-07 19:59:53,165] INFO: ================================================================================
[2026-02-07 19:59:53,165] INFO: Conexión a BD cerrada
[2026-02-07 20:00:11,048] INFO: ================================================================================
[2026-02-07 20:00:11,048] INFO: INICIANDO JOBSPEED - SPRINT 2
[2026-02-07 20:00:11,048] INFO: Timestamp: 2026-02-07 20:00:11
[2026-02-07 20:00:11,048] INFO: ================================================================================
[2026-02-07 20:00:11,048] INFO: 
[0/4] Conectando a Base de Datos...
[2026-02-07 20:00:11,049] INFO: Conectado a BD: data\jobspeed.db
[2026-02-07 20:00:11,049] INFO: [OK] Usuario conectado: Sebastian Alejandro Alvarez Aravena
[2026-02-07 20:00:11,049] INFO:   Carrera: Ingeniería en Informática
[2026-02-07 20:00:11,049] INFO:   Ubicación: Santiago, Chile
[2026-02-07 20:00:11,049] INFO: 
[1/4] Iniciando Collector (LinkedIn con Selenium)...
[2026-02-07 20:00:11,049] INFO: [COLLECTOR] Iniciando extraccion de links: 'python developer' (Chile) -> 15
[2026-02-07 20:00:11,049] INFO: [COLLECTOR] Iniciando navegador Chrome...
[2026-02-07 20:00:11,049] INFO: ====== WebDriver manager ======
[2026-02-07 20:00:11,656] INFO: Get LATEST chromedriver version for google-chrome
[2026-02-07 20:00:11,961] INFO: Get LATEST chromedriver version for google-chrome
[2026-02-07 20:00:12,258] INFO: Driver [C:\Users\sebar\.wdm\drivers\chromedriver\win64\144.0.7559.133\chromedriver-win32/THIRD_PARTY_NOTICES.chromedriver] found in cache
[2026-02-07 20:00:13,279] INFO: [COLLECTOR] Navegador iniciado
[2026-02-07 20:00:13,279] INFO: [COLLECTOR] Accediendo a LinkedIn: https://www.linkedin.com/jobs/search/?keywords=python%20developer&location=Chile
[2026-02-07 20:00:17,464] INFO: [COLLECTOR] Scrolling para cargar ofertas...
[2026-02-07 20:00:19,988] INFO: [COLLECTOR] Extrayendo enlaces...
[2026-02-07 20:00:20,209] INFO: [COLLECTOR] Total enlaces extraidos: 15
[2026-02-07 20:00:20,209] INFO: [COLLECTOR] Total ofertas procesadas: 15
[2026-02-07 20:00:20,209] INFO: [COLLECTOR] Cerrando navegador Chrome...
[2026-02-07 20:00:26,592] INFO: [COLLECTOR] Deduplicacion: 15 enlaces unicos
[2026-02-07 20:00:26,592] INFO: [OK] Ofertas extraídas y deduplicadas: 15
[2026-02-07 20:00:26,592] INFO: 
[2/4] Iniciando Parser...
[2026-02-07 20:00:26,592] INFO: Iniciando procesamiento de 15 ofertas
[2026-02-07 20:00:30,540] WARNING: No se pudo acceder a https://cl.linkedin.com/jobs/view/backend-developer-python-o-c%2B%2B-%E2%80%93-proyecto-internacional-full-remoto-at-hr-profile-4359758012, usando datos básicos
[2026-02-07 20:00:30,541] WARNING: Oferta incompleta descartada: Oferta 6
[2026-02-07 20:00:31,009] WARNING: No se pudo acceder a https://cl.linkedin.com/jobs/view/python-django-software-engineer-at-launch-potato-4367407851, usando datos básicos
[2026-02-07 20:00:31,009] WARNING: Oferta incompleta descartada: Oferta 7
[2026-02-07 20:00:31,499] WARNING: No se pudo acceder a https://cl.linkedin.com/jobs/view/full-stack-at-blue-express-4356607869, usando datos básicos
[2026-02-07 20:00:31,499] WARNING: Oferta incompleta descartada: Oferta 8
[2026-02-07 20:00:31,978] WARNING: No se pudo acceder a https://cl.linkedin.com/jobs/view/desarrollador-backend-junior-python-investigaci%C3%B3n-%2B-desarrollo-trabajo-remoto-ref%23272736-at-bairesdev-4140301220, usando datos básicos
[2026-02-07 20:00:31,978] WARNING: Oferta incompleta descartada: Oferta 9
[2026-02-07 20:00:32,452] WARNING: No se pudo acceder a https://cl.linkedin.com/jobs/view/desarrollador-a-full-stack-react-microservicios-at-bc-tecnolog%C3%ADa-4367937714, usando datos básicos
[2026-02-07 20:00:32,452] WARNING: Oferta incompleta descartada: Oferta 10
[2026-02-07 20:00:32,822] WARNING: No se pudo acceder a https://cl.linkedin.com/jobs/view/desarrollador-backend-python-at-avos-tech-chile-4196399571, usando datos básicos
[2026-02-07 20:00:32,822] WARNING: Oferta incompleta descartada: Oferta 11
[2026-02-07 20:00:33,182] WARNING: No se pudo acceder a https://cl.linkedin.com/jobs/view/desarrollador-full-stack-at-universidad-finis-terrae-4367952483, usando datos básicos
[2026-02-07 20:00:33,182] WARNING: Oferta incompleta descartada: Oferta 12
[2026-02-07 20:00:33,548] WARNING: No se pudo acceder a https://cl.linkedin.com/jobs/view/desarrollador-backend-arduino-at-avos-tech-chile-4293211347, usando datos básicos
[2026-02-07 20:00:33,548] WARNING: Oferta incompleta descartada: Oferta 13
[2026-02-07 20:00:33,913] WARNING: No se pudo acceder a https://cl.linkedin.com/jobs/view/desarrollador-a-full-stack-at-geovictoria-4325299953, usando datos básicos
[2026-02-07 20:00:33,913] WARNING: Oferta incompleta descartada: Oferta 14
[2026-02-07 20:00:34,281] WARNING: No se pudo acceder a https://cl.linkedin.com/jobs/view/full-stack-engineer-at-dots-4249314551, usando datos básicos
[2026-02-07 20:00:34,281] WARNING: Oferta incompleta descartada: Oferta 15
[2026-02-07 20:00:34,281] INFO: [OK] Procesadas 5 ofertas (incompletas eliminadas)
[2026-02-07 20:00:34,281] INFO: [OK] Ofertas procesadas: 5
[2026-02-07 20:00:34,281] INFO: 
[3/4] Calculando Compatibilidad (Match Score + Proximidad)...
[2026-02-07 20:00:34,286] INFO: [OK] Compatibilidad calculada para 5 ofertas
[2026-02-07 20:00:34,286] INFO: 
==========================================================================================
[2026-02-07 20:00:34,286] INFO: RESULTADOS JOBSPEED - RANKING INTELIGENTE
[2026-02-07 20:00:34,286] INFO: ==========================================================================================
[2026-02-07 20:00:34,286] INFO: 
[RECOMENDADOS] - Mayor Compatibilidad Técnica
[2026-02-07 20:00:34,286] INFO: ------------------------------------------------------------------------------------------
[2026-02-07 20:00:34,286] INFO: 
#1. Oferta 2 - N/A
[2026-02-07 20:00:34,286] INFO:     Ubicación: N/A, N/A
[2026-02-07 20:00:34,287] INFO:     Score: 79.0% (Match: 100.0%)
[2026-02-07 20:00:34,287] INFO: 
#2. Oferta 3 - N/A
[2026-02-07 20:00:34,287] INFO:     Ubicación: N/A, N/A
[2026-02-07 20:00:34,287] INFO:     Score: 79.0% (Match: 100.0%)
[2026-02-07 20:00:34,287] INFO: 
==========================================================================================
[2026-02-07 20:00:34,287] INFO: 
[4/4] Iniciando Storage...
[2026-02-07 20:00:34,288] WARNING: Columna faltante: pais. Agregando con valores N/A
[2026-02-07 20:00:34,288] WARNING: Columna faltante: ciudad. Agregando con valores N/A
[2026-02-07 20:00:34,289] INFO: CSV existente. Verificando duplicados...
[2026-02-07 20:00:34,311] INFO: Leídas 23 ofertas del CSV
[2026-02-07 20:00:34,311] ERROR: Error calculando estadísticas: 'ubicacion'
[2026-02-07 20:00:34,311] INFO: [OK] CSV Actualizado. Estadísticas: {}
[2026-02-07 20:00:34,311] INFO: 
================================================================================
[2026-02-07 20:00:34,311] INFO: PIPELINE EJECUTADO EXITOSAMENTE
[2026-02-07 20:00:34,311] INFO: Total de ofertas procesadas: 5
[2026-02-07 20:00:34,311] INFO: Empresas únicas: 0
[2026-02-07 20:00:34,311] INFO: Ubicaciones: 0
[2026-02-07 20:00:34,312] INFO:   1. Oferta 2 - Score: 79.0%
[2026-02-07 20:00:34,312] INFO:   2. Oferta 3 - Score: 79.0%
[2026-02-07 20:00:34,312] INFO:   3. Oferta 1 - Score: 9.0%
[2026-02-07 20:00:34,312] INFO: ================================================================================
[2026-02-07 20:00:34,312] INFO: Conexión a BD cerrada
[2026-02-07 20:00:36,249] INFO: ================================================================================
[2026-02-07 20:00:36,249] INFO: INICIANDO JOBSPEED - SPRINT 2
[2026-02-07 20:00:36,249] INFO: Timestamp: 2026-02-07 20:00:36
[2026-02-07 20:00:36,249] INFO: ================================================================================
[2026-02-07 20:00:36,249] INFO: 
[0/4] Conectando a Base de Datos...
[2026-02-07 20:00:36,249] INFO: Conectado a BD: data\jobspeed.db
[2026-02-07 20:00:36,249] INFO: [OK] Usuario conectado: Sebastian Alejandro Alvarez Aravena
[2026-02-07 20:00:36,249] INFO:   Carrera: Ingeniería en Informática
[2026-02-07 20:00:36,249] INFO:   Ubicación: Santiago, Chile
[2026-02-07 20:00:36,249] INFO: 
[1/4] Iniciando Collector (LinkedIn con Selenium)...
[2026-02-07 20:00:36,249] INFO: [COLLECTOR] Iniciando extraccion de links: 'python developer' (Chile) -> 15
[2026-02-07 20:00:36,249] INFO: [COLLECTOR] Iniciando navegador Chrome...
[2026-02-07 20:00:36,249] INFO: ====== WebDriver manager ======
[2026-02-07 20:00:36,880] INFO: Get LATEST chromedriver version for google-chrome
[2026-02-07 20:00:37,192] INFO: Get LATEST chromedriver version for google-chrome
[2026-02-07 20:00:37,499] INFO: Driver [C:\Users\sebar\.wdm\drivers\chromedriver\win64\144.0.7559.133\chromedriver-win32/THIRD_PARTY_NOTICES.chromedriver] found in cache
[2026-02-07 20:00:38,463] INFO: [COLLECTOR] Navegador iniciado
[2026-02-07 20:00:38,463] INFO: [COLLECTOR] Accediendo a LinkedIn: https://www.linkedin.com/jobs/search/?keywords=python%20developer&location=Chile
[2026-02-07 20:00:43,498] INFO: [COLLECTOR] Scrolling para cargar ofertas...
[2026-02-07 20:00:46,020] INFO: [COLLECTOR] Extrayendo enlaces...
[2026-02-07 20:00:46,244] INFO: [COLLECTOR] Total enlaces extraidos: 15
[2026-02-07 20:00:46,245] INFO: [COLLECTOR] Total ofertas procesadas: 15
[2026-02-07 20:00:46,245] INFO: [COLLECTOR] Cerrando navegador Chrome...
[2026-02-07 20:00:52,640] INFO: [COLLECTOR] Deduplicacion: 15 enlaces unicos
[2026-02-07 20:00:52,640] INFO: [OK] Ofertas extraídas y deduplicadas: 15
[2026-02-07 20:00:52,640] INFO: 
[2/4] Iniciando Parser...
[2026-02-07 20:00:52,640] INFO: Iniciando procesamiento de 15 ofertas
[2026-02-07 20:00:56,143] WARNING: No se pudo acceder a https://cl.linkedin.com/jobs/view/python-engineer-at-abaqus-4345926810, usando datos básicos
[2026-02-07 20:00:56,144] WARNING: Oferta incompleta descartada: Oferta 5
[2026-02-07 20:00:56,660] WARNING: No se pudo acceder a https://cl.linkedin.com/jobs/view/full-stack-developer-at-evertec-4368273058, usando datos básicos
[2026-02-07 20:00:56,660] WARNING: Oferta incompleta descartada: Oferta 6
[2026-02-07 20:00:56,789] WARNING: No se pudo acceder a https://cl.linkedin.com/jobs/view/desarrollador-backend-junior-python-investigaci%C3%B3n-%2B-desarrollo-trabajo-remoto-ref%23272736-at-bairesdev-4140301220, usando datos básicos
[2026-02-07 20:00:56,790] WARNING: Oferta incompleta descartada: Oferta 7
[2026-02-07 20:00:56,917] WARNING: No se pudo acceder a https://cl.linkedin.com/jobs/view/python-developer-senior-level-at-globant-4329442162, usando datos básicos
[2026-02-07 20:00:56,917] WARNING: Oferta incompleta descartada: Oferta 8
[2026-02-07 20:00:57,400] WARNING: No se pudo acceder a https://cl.linkedin.com/jobs/view/desarrollador-full-stack-at-bc-tecnolog%C3%ADa-4324381604, usando datos básicos
[2026-02-07 20:00:57,400] WARNING: Oferta incompleta descartada: Oferta 9
[2026-02-07 20:00:57,870] WARNING: No se pudo acceder a https://cl.linkedin.com/jobs/view/developer-front-end-web-semi-senior-at-tinet-s-a-4081555759, usando datos básicos
[2026-02-07 20:00:57,870] WARNING: Oferta incompleta descartada: Oferta 10
[2026-02-07 20:00:58,305] WARNING: No se pudo acceder a https://cl.linkedin.com/jobs/view/back-end-developer-python-at-talana-4366045626, usando datos básicos
[2026-02-07 20:00:58,305] WARNING: Oferta incompleta descartada: Oferta 11
[2026-02-07 20:00:58,439] WARNING: No se pudo acceder a https://cl.linkedin.com/jobs/view/desarrollador-full-stack-ia-at-recsa-4367343274, usando datos básicos
[2026-02-07 20:00:58,439] WARNING: Oferta incompleta descartada: Oferta 12
[2026-02-07 20:00:58,799] WARNING: No se pudo acceder a https://cl.linkedin.com/jobs/view/python-engineer-at-launch-potato-4367396942, usando datos básicos
[2026-02-07 20:00:58,799] WARNING: Oferta incompleta descartada: Oferta 13
[2026-02-07 20:00:59,166] WARNING: No se pudo acceder a https://cl.linkedin.com/jobs/view/back-end-software-engineer-data-cloud-at-neuralworks-4369110659, usando datos básicos
[2026-02-07 20:00:59,166] WARNING: Oferta incompleta descartada: Oferta 14
[2026-02-07 20:00:59,525] WARNING: No se pudo acceder a https://cl.linkedin.com/jobs/view/software-engineer-python-at-bc-tecnolog%C3%ADa-4330668365, usando datos básicos
[2026-02-07 20:00:59,526] WARNING: Oferta incompleta descartada: Oferta 15
[2026-02-07 20:00:59,526] INFO: [OK] Procesadas 4 ofertas (incompletas eliminadas)
[2026-02-07 20:00:59,526] INFO: [OK] Ofertas procesadas: 4
[2026-02-07 20:00:59,526] INFO: 
[3/4] Calculando Compatibilidad (Match Score + Proximidad)...
[2026-02-07 20:00:59,530] INFO: [OK] Compatibilidad calculada para 4 ofertas
[2026-02-07 20:00:59,530] INFO: 
==========================================================================================
[2026-02-07 20:00:59,530] INFO: RESULTADOS JOBSPEED - RANKING INTELIGENTE
[2026-02-07 20:00:59,530] INFO: ==========================================================================================
[2026-02-07 20:00:59,530] INFO: 
[RECOMENDADOS] - Mayor Compatibilidad Técnica
[2026-02-07 20:00:59,530] INFO: ------------------------------------------------------------------------------------------
[2026-02-07 20:00:59,530] INFO: 
#1. Oferta 3 - N/A
[2026-02-07 20:00:59,530] INFO:     Ubicación: N/A, N/A
[2026-02-07 20:00:59,530] INFO:     Score: 79.0% (Match: 100.0%)
[2026-02-07 20:00:59,530] INFO: 
#2. Oferta 4 - N/A
[2026-02-07 20:00:59,530] INFO:     Ubicación: N/A, N/A
[2026-02-07 20:00:59,531] INFO:     Score: 79.0% (Match: 100.0%)
[2026-02-07 20:00:59,531] INFO: 
==========================================================================================
[2026-02-07 20:00:59,531] INFO: 
[4/4] Iniciando Storage...
[2026-02-07 20:00:59,531] WARNING: Columna faltante: pais. Agregando con valores N/A
[2026-02-07 20:00:59,532] WARNING: Columna faltante: ciudad. Agregando con valores N/A
[2026-02-07 20:00:59,533] INFO: CSV existente. Verificando duplicados...
[2026-02-07 20:00:59,551] INFO: Leídas 27 ofertas del CSV
[2026-02-07 20:00:59,552] ERROR: Error calculando estadísticas: 'ubicacion'
[2026-02-07 20:00:59,552] INFO: [OK] CSV Actualizado. Estadísticas: {}
[2026-02-07 20:00:59,552] INFO: 
================================================================================
[2026-02-07 20:00:59,552] INFO: PIPELINE EJECUTADO EXITOSAMENTE
[2026-02-07 20:00:59,552] INFO: Total de ofertas procesadas: 4
[2026-02-07 20:00:59,552] INFO: Empresas únicas: 0
[2026-02-07 20:00:59,552] INFO: Ubicaciones: 0
[2026-02-07 20:00:59,553] INFO:   1. Oferta 3 - Score: 79.0%
[2026-02-07 20:00:59,553] INFO:   2. Oferta 4 - Score: 79.0%
[2026-02-07 20:00:59,553] INFO:   3. Oferta 1 - Score: 9.0%
[2026-02-07 20:00:59,553] INFO: ================================================================================
[2026-02-07 20:00:59,553] INFO: Conexión a BD cerrada
[2026-02-07 20:02:14,772] INFO: ================================================================================
[2026-02-07 20:02:14,772] INFO: INICIANDO JOBSPEED - SPRINT 2
[2026-02-07 20:02:14,772] INFO: Timestamp: 2026-02-07 20:02:14
[2026-02-07 20:02:14,772] INFO: ================================================================================
[2026-02-07 20:02:14,772] INFO: 
[0/4] Conectando a Base de Datos...
[2026-02-07 20:02:14,773] INFO: Conectado a BD: data\jobspeed.db
[2026-02-07 20:02:14,773] INFO: [OK] Usuario conectado: Sebastian Alejandro Alvarez Aravena
[2026-02-07 20:02:14,773] INFO:   Carrera: Ingeniería en Informática
[2026-02-07 20:02:14,773] INFO:   Ubicación: Santiago, Chile
[2026-02-07 20:02:14,773] INFO: 
[1/4] Iniciando Collector (LinkedIn con Selenium)...
[2026-02-07 20:02:14,773] INFO: [COLLECTOR] Iniciando extraccion de links: 'python developer' (Chile) -> 15
[2026-02-07 20:02:14,773] INFO: [COLLECTOR] Iniciando navegador Chrome...
[2026-02-07 20:02:14,774] INFO: ====== WebDriver manager ======
[2026-02-07 20:02:15,405] INFO: Get LATEST chromedriver version for google-chrome
[2026-02-07 20:02:15,710] INFO: Get LATEST chromedriver version for google-chrome
[2026-02-07 20:02:16,025] INFO: Driver [C:\Users\sebar\.wdm\drivers\chromedriver\win64\144.0.7559.133\chromedriver-win32/THIRD_PARTY_NOTICES.chromedriver] found in cache
[2026-02-07 20:02:17,061] INFO: [COLLECTOR] Navegador iniciado
[2026-02-07 20:02:17,061] INFO: [COLLECTOR] Accediendo a LinkedIn: https://www.linkedin.com/jobs/search/?keywords=python%20developer&location=Chile
[2026-02-07 20:02:21,233] INFO: [COLLECTOR] Scrolling para cargar ofertas...
[2026-02-07 20:02:23,755] INFO: [COLLECTOR] Extrayendo enlaces...
[2026-02-07 20:02:23,980] INFO: [COLLECTOR] Total enlaces extraidos: 15
[2026-02-07 20:02:23,980] INFO: [COLLECTOR] Total ofertas procesadas: 15
[2026-02-07 20:02:23,980] INFO: [COLLECTOR] Cerrando navegador Chrome...
[2026-02-07 20:02:30,371] INFO: [COLLECTOR] Deduplicacion: 15 enlaces unicos
[2026-02-07 20:02:30,371] INFO: [OK] Ofertas extraídas y deduplicadas: 15
[2026-02-07 20:02:30,371] INFO: 
[2/4] Iniciando Parser...
[2026-02-07 20:02:30,371] INFO: Iniciando procesamiento de 15 ofertas
[2026-02-07 20:02:33,999] WARNING: No se pudo acceder a https://cl.linkedin.com/jobs/view/desarrollador-backend-arduino-at-avos-tech-chile-4249035439, usando datos básicos
[2026-02-07 20:02:33,999] WARNING: Oferta incompleta descartada: Oferta 6
[2026-02-07 20:02:34,131] WARNING: No se pudo acceder a https://cl.linkedin.com/jobs/view/backend-engineer-python-at-launch-potato-4367402888, usando datos básicos
[2026-02-07 20:02:34,131] WARNING: Oferta incompleta descartada: Oferta 7
[2026-02-07 20:02:34,603] WARNING: No se pudo acceder a https://cl.linkedin.com/jobs/view/python-engineer-at-abaqus-4345926810, usando datos básicos
[2026-02-07 20:02:34,603] WARNING: Oferta incompleta descartada: Oferta 8
[2026-02-07 20:02:35,077] WARNING: No se pudo acceder a https://cl.linkedin.com/jobs/view/backend-engineer-junior-at-avos-tech-chile-4238999860, usando datos básicos
[2026-02-07 20:02:35,077] WARNING: Oferta incompleta descartada: Oferta 9
[2026-02-07 20:02:35,322] WARNING: No se pudo acceder a https://cl.linkedin.com/jobs/view/python-developer-senior-level-at-globant-4329442162, usando datos básicos
[2026-02-07 20:02:35,322] WARNING: Oferta incompleta descartada: Oferta 10
[2026-02-07 20:02:35,682] WARNING: No se pudo acceder a https://cl.linkedin.com/jobs/view/senior-python-engineer-at-abaqus-4345917555, usando datos básicos
[2026-02-07 20:02:35,682] WARNING: Oferta incompleta descartada: Oferta 11
[2026-02-07 20:02:36,044] WARNING: No se pudo acceder a https://cl.linkedin.com/jobs/view/junior-python-developer-at-btg-pactual-chile-4340387486, usando datos básicos
[2026-02-07 20:02:36,044] WARNING: Oferta incompleta descartada: Oferta 12
[2026-02-07 20:02:36,403] WARNING: No se pudo acceder a https://cl.linkedin.com/jobs/view/freelance-senior-python-developer-functional-test-frameworks-at-mindrift-4368175759, usando datos básicos
[2026-02-07 20:02:36,403] WARNING: Oferta incompleta descartada: Oferta 13
[2026-02-07 20:02:36,761] WARNING: No se pudo acceder a https://cl.linkedin.com/jobs/view/senior-python-developer-at-makai-labs-4344953065, usando datos básicos
[2026-02-07 20:02:36,761] WARNING: Oferta incompleta descartada: Oferta 14
[2026-02-07 20:02:37,121] WARNING: No se pudo acceder a https://cl.linkedin.com/jobs/view/back-end-software-engineer-data-cloud-at-neuralworks-4369110659, usando datos básicos
[2026-02-07 20:02:37,121] WARNING: Oferta incompleta descartada: Oferta 15
[2026-02-07 20:02:37,121] INFO: [OK] Procesadas 5 ofertas (incompletas eliminadas)
[2026-02-07 20:02:37,121] INFO: [OK] Ofertas procesadas: 5
[2026-02-07 20:02:37,121] INFO: 
[3/4] Calculando Compatibilidad (Match Score + Proximidad)...
[2026-02-07 20:02:37,126] INFO: [OK] Compatibilidad calculada para 5 ofertas
[2026-02-07 20:02:37,126] INFO: 
==========================================================================================
[2026-02-07 20:02:37,126] INFO: RESULTADOS JOBSPEED - RANKING INTELIGENTE
[2026-02-07 20:02:37,126] INFO: ==========================================================================================
[2026-02-07 20:02:37,126] INFO: 
[RECOMENDADOS] - Mayor Compatibilidad Técnica
[2026-02-07 20:02:37,126] INFO: ------------------------------------------------------------------------------------------
[2026-02-07 20:02:37,126] INFO: 
#1. Oferta 2 - N/A
[2026-02-07 20:02:37,126] INFO:     Ubicación: N/A, N/A
[2026-02-07 20:02:37,126] INFO:     Score: 79.0% (Match: 100.0%)
[2026-02-07 20:02:37,126] INFO: 
#2. Oferta 3 - N/A
[2026-02-07 20:02:37,126] INFO:     Ubicación: N/A, N/A
[2026-02-07 20:02:37,126] INFO:     Score: 79.0% (Match: 100.0%)
[2026-02-07 20:02:37,126] INFO: 
==========================================================================================
[2026-02-07 20:02:37,126] INFO: 
[4/4] Iniciando Storage...
[2026-02-07 20:02:37,144] INFO: Leídas 5 ofertas del CSV
[2026-02-07 20:02:37,145] INFO: [OK] CSV Actualizado. Estadísticas: {'total_ofertas': 5, 'empresas_unicas': 0, 'ciudades_unicas': 0, 'paises_unicos': 0, 'salarios_disponibles': 0}
[2026-02-07 20:02:37,145] INFO: 
================================================================================
[2026-02-07 20:02:37,145] INFO: PIPELINE EJECUTADO EXITOSAMENTE
[2026-02-07 20:02:37,145] INFO: Total de ofertas procesadas: 5
[2026-02-07 20:02:37,145] INFO: Empresas únicas: 0
[2026-02-07 20:02:37,145] INFO: Ciudades: 0
[2026-02-07 20:02:37,145] INFO: Países: 0
[2026-02-07 20:02:37,146] INFO:   1. Oferta 2 - Score: 79.0%
[2026-02-07 20:02:37,146] INFO:   2. Oferta 3 - Score: 79.0%
[2026-02-07 20:02:37,146] INFO:   3. Oferta 1 - Score: 9.0%
[2026-02-07 20:02:37,146] INFO: ================================================================================
[2026-02-07 20:02:37,146] INFO: Conexión a BD cerrada
[2026-02-07 20:02:54,540] INFO: ================================================================================
[2026-02-07 20:02:54,540] INFO: INICIANDO JOBSPEED - SPRINT 2
[2026-02-07 20:02:54,540] INFO: Timestamp: 2026-02-07 20:02:54
[2026-02-07 20:02:54,540] INFO: ================================================================================
[2026-02-07 20:02:54,541] INFO: 
[0/4] Conectando a Base de Datos...
[2026-02-07 20:02:54,541] INFO: Conectado a BD: data\jobspeed.db
[2026-02-07 20:02:54,542] INFO: [OK] Usuario conectado: Sebastian Alejandro Alvarez Aravena
[2026-02-07 20:02:54,542] INFO:   Carrera: Ingeniería en Informática
[2026-02-07 20:02:54,542] INFO:   Ubicación: Santiago, Chile
[2026-02-07 20:02:54,542] INFO: 
[1/4] Iniciando Collector (LinkedIn con Selenium)...
[2026-02-07 20:02:54,542] INFO: [COLLECTOR] Iniciando extraccion de links: 'python developer' (Chile) -> 15
[2026-02-07 20:02:54,542] INFO: [COLLECTOR] Iniciando navegador Chrome...
[2026-02-07 20:02:54,542] INFO: ====== WebDriver manager ======
[2026-02-07 20:02:55,161] INFO: Get LATEST chromedriver version for google-chrome
[2026-02-07 20:02:55,470] INFO: Get LATEST chromedriver version for google-chrome
[2026-02-07 20:02:55,766] INFO: Driver [C:\Users\sebar\.wdm\drivers\chromedriver\win64\144.0.7559.133\chromedriver-win32/THIRD_PARTY_NOTICES.chromedriver] found in cache
[2026-02-07 20:02:56,797] INFO: [COLLECTOR] Navegador iniciado
[2026-02-07 20:02:56,797] INFO: [COLLECTOR] Accediendo a LinkedIn: https://www.linkedin.com/jobs/search/?keywords=python%20developer&location=Chile
[2026-02-07 20:03:01,050] INFO: [COLLECTOR] Scrolling para cargar ofertas...
[2026-02-07 20:03:03,576] INFO: [COLLECTOR] Extrayendo enlaces...
[2026-02-07 20:03:03,799] INFO: [COLLECTOR] Total enlaces extraidos: 15
[2026-02-07 20:03:03,799] INFO: [COLLECTOR] Total ofertas procesadas: 15
[2026-02-07 20:03:03,799] INFO: [COLLECTOR] Cerrando navegador Chrome...
[2026-02-07 20:03:10,176] INFO: [COLLECTOR] Deduplicacion: 15 enlaces unicos
[2026-02-07 20:03:10,176] INFO: [OK] Ofertas extraídas y deduplicadas: 15
[2026-02-07 20:03:10,176] INFO: 
[2/4] Iniciando Parser...
[2026-02-07 20:03:10,176] INFO: Iniciando procesamiento de 15 ofertas
[2026-02-07 20:03:13,895] WARNING: No se pudo acceder a https://cl.linkedin.com/jobs/view/python-engineer-at-abaqus-4345926810, usando datos básicos
[2026-02-07 20:03:13,895] WARNING: Oferta incompleta descartada: Oferta 6
[2026-02-07 20:03:14,019] WARNING: No se pudo acceder a https://cl.linkedin.com/jobs/view/backend-engineer-junior-at-avos-tech-chile-4238999860, usando datos básicos
[2026-02-07 20:03:14,019] WARNING: Oferta incompleta descartada: Oferta 7
[2026-02-07 20:03:14,498] WARNING: No se pudo acceder a https://cl.linkedin.com/jobs/view/full-stack-engineer-at-mercado-libre-4354241488, usando datos básicos
[2026-02-07 20:03:14,498] WARNING: Oferta incompleta descartada: Oferta 8
[2026-02-07 20:03:15,027] WARNING: No se pudo acceder a https://cl.linkedin.com/jobs/view/buscamos-backend-developer-at-grupo-maclean-servicios-integrales-4264276213, usando datos básicos
[2026-02-07 20:03:15,027] WARNING: Oferta incompleta descartada: Oferta 9
[2026-02-07 20:03:15,499] WARNING: No se pudo acceder a https://cl.linkedin.com/jobs/view/backend-developer-python-o-c%2B%2B-%E2%80%93-proyecto-internacional-full-remoto-at-hr-profile-4359758012, usando datos básicos
[2026-02-07 20:03:15,499] WARNING: Oferta incompleta descartada: Oferta 10
[2026-02-07 20:03:15,869] WARNING: No se pudo acceder a https://cl.linkedin.com/jobs/view/software-engineer-python-at-bc-tecnolog%C3%ADa-4330668365, usando datos básicos
[2026-02-07 20:03:15,869] WARNING: Oferta incompleta descartada: Oferta 11
[2026-02-07 20:03:16,239] WARNING: No se pudo acceder a https://cl.linkedin.com/jobs/view/desarrollador-fullstack-centro-de-negocios-at-banco-de-chile-4368853084, usando datos básicos
[2026-02-07 20:03:16,239] WARNING: Oferta incompleta descartada: Oferta 12
[2026-02-07 20:03:16,610] WARNING: No se pudo acceder a https://cl.linkedin.com/jobs/view/back-end-software-engineer-data-cloud-at-neuralworks-4369110659, usando datos básicos
[2026-02-07 20:03:16,610] WARNING: Oferta incompleta descartada: Oferta 13
[2026-02-07 20:03:16,970] WARNING: No se pudo acceder a https://cl.linkedin.com/jobs/view/desarrollador-full-stack-at-bc-tecnolog%C3%ADa-4324381604, usando datos básicos
[2026-02-07 20:03:16,970] WARNING: Oferta incompleta descartada: Oferta 14
[2026-02-07 20:03:17,335] WARNING: No se pudo acceder a https://cl.linkedin.com/jobs/view/desarrollador-backend-arduino-at-avos-tech-chile-4249035439, usando datos básicos
[2026-02-07 20:03:17,335] WARNING: Oferta incompleta descartada: Oferta 15
[2026-02-07 20:03:17,335] INFO: [OK] Procesadas 5 ofertas (incompletas eliminadas)
[2026-02-07 20:03:17,335] INFO: [OK] Ofertas procesadas: 5
[2026-02-07 20:03:17,335] INFO: 
[3/4] Calculando Compatibilidad (Match Score + Proximidad)...
[2026-02-07 20:03:17,340] INFO: [OK] Compatibilidad calculada para 5 ofertas
[2026-02-07 20:03:17,340] INFO: 
==========================================================================================
[2026-02-07 20:03:17,340] INFO: RESULTADOS JOBSPEED - RANKING INTELIGENTE
[2026-02-07 20:03:17,340] INFO: ==========================================================================================
[2026-02-07 20:03:17,340] INFO: 
[RECOMENDADOS] - Mayor Compatibilidad Técnica
[2026-02-07 20:03:17,341] INFO: ------------------------------------------------------------------------------------------
[2026-02-07 20:03:17,341] INFO: 
#1. Oferta 2 - N/A
[2026-02-07 20:03:17,341] INFO:     Ubicación: N/A, N/A
[2026-02-07 20:03:17,341] INFO:     Score: 79.0% (Match: 100.0%)
[2026-02-07 20:03:17,341] INFO: 
==========================================================================================
[2026-02-07 20:03:17,341] INFO: 
[4/4] Iniciando Storage...
[2026-02-07 20:03:17,344] INFO: [OK] Guardadas 5 nuevas ofertas en C:\Users\sebar\Desktop\Programacion\JobSpeed\data\ofertas.csv
[2026-02-07 20:03:17,357] INFO: Leídas 5 ofertas del CSV
[2026-02-07 20:03:17,357] INFO: [OK] CSV Actualizado. Estadísticas: {'total_ofertas': 5, 'empresas_unicas': 0, 'ciudades_unicas': 0, 'paises_unicos': 0, 'salarios_disponibles': 0}
[2026-02-07 20:03:17,357] INFO: 
================================================================================
[2026-02-07 20:03:17,358] INFO: PIPELINE EJECUTADO EXITOSAMENTE
[2026-02-07 20:03:17,358] INFO: Total de ofertas procesadas: 5
[2026-02-07 20:03:17,358] INFO: Empresas únicas: 0
[2026-02-07 20:03:17,358] INFO: Ciudades: 0
[2026-02-07 20:03:17,358] INFO: Países: 0
[2026-02-07 20:03:17,358] INFO: 
[TOP 3] MEJORES OFERTAS PARA TI:
[2026-02-07 20:03:17,358] INFO:   1. Oferta 2 - Score: 79.0%
[2026-02-07 20:03:17,358] INFO:   2. Oferta 1 - Score: 9.0%
[2026-02-07 20:03:17,358] INFO:   3. Oferta 3 - Score: 9.0%
[2026-02-07 20:03:17,358] INFO: ================================================================================
[2026-02-07 20:03:17,358] INFO: Conexión a BD cerrada
[2026-02-07 20:04:31,600] INFO: ================================================================================
[2026-02-07 20:04:31,600] INFO: INICIANDO JOBSPEED - SPRINT 2
[2026-02-07 20:04:31,600] INFO: Timestamp: 2026-02-07 20:04:31
[2026-02-07 20:04:31,600] INFO: ================================================================================
[2026-02-07 20:04:31,600] INFO: 
[0/4] Conectando a Base de Datos...
[2026-02-07 20:04:31,600] INFO: Conectado a BD: data\jobspeed.db
[2026-02-07 20:04:31,608] INFO: [OK] Usuario conectado: Sebastian Alejandro Alvarez Aravena
[2026-02-07 20:04:31,608] INFO:   Carrera: Ingeniería en Informática
[2026-02-07 20:04:31,608] INFO:   Ubicación: Santiago, Chile
[2026-02-07 20:04:31,608] INFO: 
[1/4] Iniciando Collector (LinkedIn con Selenium)...
[2026-02-07 20:04:31,608] INFO: [COLLECTOR] Iniciando extraccion de links: 'python developer' (Chile) -> 15
[2026-02-07 20:04:31,608] INFO: [COLLECTOR] Iniciando navegador Chrome...
[2026-02-07 20:04:31,609] INFO: ====== WebDriver manager ======
[2026-02-07 20:04:32,275] INFO: Get LATEST chromedriver version for google-chrome
[2026-02-07 20:04:32,575] INFO: Get LATEST chromedriver version for google-chrome
[2026-02-07 20:04:32,869] INFO: Driver [C:\Users\sebar\.wdm\drivers\chromedriver\win64\144.0.7559.133\chromedriver-win32/THIRD_PARTY_NOTICES.chromedriver] found in cache
[2026-02-07 20:04:33,849] INFO: [COLLECTOR] Navegador iniciado
[2026-02-07 20:04:33,849] INFO: [COLLECTOR] Accediendo a LinkedIn: https://www.linkedin.com/jobs/search/?keywords=python%20developer&location=Chile
[2026-02-07 20:04:38,234] INFO: [COLLECTOR] Scrolling para cargar ofertas...
[2026-02-07 20:04:40,761] INFO: [COLLECTOR] Extrayendo enlaces...
[2026-02-07 20:04:40,990] INFO: [COLLECTOR] Total enlaces extraidos: 15
[2026-02-07 20:04:40,990] INFO: [COLLECTOR] Total ofertas procesadas: 15
[2026-02-07 20:04:40,990] INFO: [COLLECTOR] Cerrando navegador Chrome...
[2026-02-07 20:04:47,392] INFO: [COLLECTOR] Deduplicacion: 15 enlaces unicos
[2026-02-07 20:04:47,392] INFO: [OK] Ofertas extraídas y deduplicadas: 15
[2026-02-07 20:04:47,392] INFO: 
[2/4] Iniciando Parser...
[2026-02-07 20:04:47,393] INFO: Iniciando procesamiento de 15 ofertas
[2026-02-07 20:04:50,829] WARNING: No se pudo acceder a https://cl.linkedin.com/jobs/view/desarrollador-backend-python-odoo-semi-senior-at-avos-tech-chile-4211435570, usando datos básicos
[2026-02-07 20:04:50,829] WARNING: Oferta incompleta descartada: Oferta 6
[2026-02-07 20:04:51,072] WARNING: No se pudo acceder a https://cl.linkedin.com/jobs/view/desarrollador-full-stack-ia-at-recsa-4367343274, usando datos básicos
[2026-02-07 20:04:51,072] WARNING: Oferta incompleta descartada: Oferta 7
[2026-02-07 20:04:51,546] WARNING: No se pudo acceder a https://cl.linkedin.com/jobs/view/full-stack-software-developer-engineer-at-talana-4328213365, usando datos básicos
[2026-02-07 20:04:51,547] WARNING: Oferta incompleta descartada: Oferta 8
[2026-02-07 20:04:52,028] WARNING: No se pudo acceder a https://cl.linkedin.com/jobs/view/desarrollador-python-junior-trabajo-remoto-ref%23280789-at-bairesdev-4140199391, usando datos básicos
[2026-02-07 20:04:52,028] WARNING: Oferta incompleta descartada: Oferta 9
[2026-02-07 20:04:52,508] WARNING: No se pudo acceder a https://cl.linkedin.com/jobs/view/full-stack-at-blue-express-4356607869, usando datos básicos
[2026-02-07 20:04:52,509] WARNING: Oferta incompleta descartada: Oferta 10
[2026-02-07 20:04:52,870] WARNING: No se pudo acceder a https://cl.linkedin.com/jobs/view/backend-engineer-junior-at-avos-tech-chile-4238999860, usando datos básicos
[2026-02-07 20:04:52,870] WARNING: Oferta incompleta descartada: Oferta 11
[2026-02-07 20:04:53,232] WARNING: No se pudo acceder a https://cl.linkedin.com/jobs/view/software-engineer-python-ubuntu-pro-client-graduate-level-at-canonical-4233277100, usando datos básicos
[2026-02-07 20:04:53,232] WARNING: Oferta incompleta descartada: Oferta 12
[2026-02-07 20:04:53,600] WARNING: No se pudo acceder a https://cl.linkedin.com/jobs/view/backend-developer-python-o-c%2B%2B-%E2%80%93-proyecto-internacional-full-remoto-at-hr-profile-4359758012, usando datos básicos
[2026-02-07 20:04:53,601] WARNING: Oferta incompleta descartada: Oferta 13
[2026-02-07 20:04:53,966] WARNING: No se pudo acceder a https://cl.linkedin.com/jobs/view/developer-front-end-web-semi-senior-at-tinet-s-a-4081555759, usando datos básicos
[2026-02-07 20:04:53,966] WARNING: Oferta incompleta descartada: Oferta 14
[2026-02-07 20:04:54,328] WARNING: No se pudo acceder a https://cl.linkedin.com/jobs/view/python-engineer-at-launch-potato-4367396942, usando datos básicos
[2026-02-07 20:04:54,328] WARNING: Oferta incompleta descartada: Oferta 15
[2026-02-07 20:04:54,329] INFO: [OK] Procesadas 5 ofertas (incompletas eliminadas)
[2026-02-07 20:04:54,329] INFO: [OK] Ofertas procesadas: 5
[2026-02-07 20:04:54,329] INFO: 
[3/4] Calculando Compatibilidad (Match Score + Proximidad)...
[2026-02-07 20:04:54,334] INFO: [OK] Compatibilidad calculada para 5 ofertas
[2026-02-07 20:04:54,334] INFO: 
==========================================================================================
[2026-02-07 20:04:54,334] INFO: RESULTADOS JOBSPEED - RANKING INTELIGENTE
[2026-02-07 20:04:54,334] INFO: ==========================================================================================
[2026-02-07 20:04:54,334] INFO: 
[RECOMENDADOS] - Mayor Compatibilidad Técnica
[2026-02-07 20:04:54,334] INFO: ------------------------------------------------------------------------------------------
[2026-02-07 20:04:54,335] INFO: 
#1. Oferta 5 - N/A
[2026-02-07 20:04:54,335] INFO:     Ubicación: N/A, N/A
[2026-02-07 20:04:54,335] INFO:     Score: 79.0% (Match: 100.0%)
[2026-02-07 20:04:54,335] INFO: 
==========================================================================================
[2026-02-07 20:04:54,335] INFO: 
[4/4] Iniciando Storage...
[2026-02-07 20:04:54,337] INFO: CSV existente. Verificando duplicados...
[2026-02-07 20:04:54,343] INFO: [OK] Guardadas 5 nuevas ofertas en C:\Users\sebar\Desktop\Programacion\JobSpeed\data\ofertas.csv
[2026-02-07 20:04:54,355] INFO: Leídas 10 ofertas del CSV
[2026-02-07 20:04:54,356] INFO: [OK] CSV Actualizado. Estadísticas: {'total_ofertas': 10, 'empresas_unicas': 0, 'ciudades_unicas': 0, 'paises_unicos': 0, 'salarios_disponibles': 0}
[2026-02-07 20:04:54,356] INFO: 
================================================================================
[2026-02-07 20:04:54,356] INFO: PIPELINE EJECUTADO EXITOSAMENTE
[2026-02-07 20:04:54,356] INFO: Total de ofertas procesadas: 5
[2026-02-07 20:04:54,356] INFO: Empresas únicas: 0
[2026-02-07 20:04:54,357] INFO: Ciudades: 0
[2026-02-07 20:04:54,357] INFO: Países: 0
[2026-02-07 20:04:54,357] INFO: 
[TOP 3] MEJORES OFERTAS PARA TI:
[2026-02-07 20:04:54,357] INFO:   1. Oferta 5 - Score: 79.0%
[2026-02-07 20:04:54,357] INFO:   2. Oferta 1 - Score: 9.0%
[2026-02-07 20:04:54,357] INFO:   3. Oferta 2 - Score: 9.0%
[2026-02-07 20:04:54,357] INFO: ================================================================================
[2026-02-07 20:04:54,357] INFO: Conexión a BD cerrada
[2026-02-07 20:06:31,688] INFO: ================================================================================
[2026-02-07 20:06:31,688] INFO: INICIANDO JOBSPEED - SPRINT 2
[2026-02-07 20:06:31,689] INFO: Timestamp: 2026-02-07 20:06:31
[2026-02-07 20:06:31,689] INFO: ================================================================================
[2026-02-07 20:06:31,689] INFO: 
[0/4] Conectando a Base de Datos...
[2026-02-07 20:06:31,689] INFO: Conectado a BD: data\jobspeed.db
[2026-02-07 20:06:31,690] INFO: [OK] Usuario conectado: Sebastian Alejandro Alvarez Aravena
[2026-02-07 20:06:31,690] INFO:   Carrera: Ingeniería en Informática
[2026-02-07 20:06:31,690] INFO:   Ubicación: Santiago, Chile
[2026-02-07 20:06:31,690] INFO: 
[1/4] Iniciando Collector (LinkedIn con Selenium)...
[2026-02-07 20:06:31,690] INFO: [COLLECTOR] Iniciando extraccion de links: 'python developer' (Chile) -> 15
[2026-02-07 20:06:31,690] INFO: [COLLECTOR] Iniciando navegador Chrome...
[2026-02-07 20:06:31,691] INFO: ====== WebDriver manager ======
[2026-02-07 20:06:32,385] INFO: Get LATEST chromedriver version for google-chrome
[2026-02-07 20:06:32,688] INFO: Get LATEST chromedriver version for google-chrome
[2026-02-07 20:06:32,977] INFO: Driver [C:\Users\sebar\.wdm\drivers\chromedriver\win64\144.0.7559.133\chromedriver-win32/THIRD_PARTY_NOTICES.chromedriver] found in cache
[2026-02-07 20:06:33,993] INFO: [COLLECTOR] Navegador iniciado
[2026-02-07 20:06:33,993] INFO: [COLLECTOR] Accediendo a LinkedIn: https://www.linkedin.com/jobs/search/?keywords=python%20developer&location=Chile
[2026-02-07 20:06:38,529] INFO: [COLLECTOR] Scrolling para cargar ofertas...
[2026-02-07 20:06:41,056] INFO: [COLLECTOR] Extrayendo enlaces...
[2026-02-07 20:06:41,285] INFO: [COLLECTOR] Total enlaces extraidos: 15
[2026-02-07 20:06:41,285] INFO: [COLLECTOR] Total ofertas procesadas: 15
[2026-02-07 20:06:41,285] INFO: [COLLECTOR] Cerrando navegador Chrome...
[2026-02-07 20:06:47,679] INFO: [COLLECTOR] Deduplicacion: 15 enlaces unicos
[2026-02-07 20:06:47,680] INFO: [OK] Ofertas extraídas y deduplicadas: 15
[2026-02-07 20:06:47,680] INFO: 
[2/4] Iniciando Parser...
[2026-02-07 20:06:47,680] INFO: Iniciando procesamiento de 15 ofertas
[2026-02-07 20:06:51,340] WARNING: No se pudo acceder a https://cl.linkedin.com/jobs/view/desarrollador-back-end-python-at-agencia-de-aduanas-felipe-serrano-4343946259, usando datos básicos
[2026-02-07 20:06:51,341] WARNING: Oferta incompleta descartada: Oferta 6
[2026-02-07 20:06:51,823] WARNING: No se pudo acceder a https://cl.linkedin.com/jobs/view/desarrollador-full-stack-junior-at-wall-partners-4351192752, usando datos básicos
[2026-02-07 20:06:51,823] WARNING: Oferta incompleta descartada: Oferta 7
[2026-02-07 20:06:52,064] WARNING: No se pudo acceder a https://cl.linkedin.com/jobs/view/back-end-software-engineer-data-cloud-at-neuralworks-4369110659, usando datos básicos
[2026-02-07 20:06:52,064] WARNING: Oferta incompleta descartada: Oferta 8
[2026-02-07 20:06:52,661] WARNING: No se pudo acceder a https://cl.linkedin.com/jobs/view/desarrollador-a-full-stack-at-geovictoria-4325299953, usando datos básicos
[2026-02-07 20:06:52,661] WARNING: Oferta incompleta descartada: Oferta 9
[2026-02-07 20:06:52,903] WARNING: No se pudo acceder a https://cl.linkedin.com/jobs/view/senior-python-developer-at-makai-labs-4344953065, usando datos básicos
[2026-02-07 20:06:52,903] WARNING: Oferta incompleta descartada: Oferta 10
[2026-02-07 20:06:53,265] WARNING: No se pudo acceder a https://cl.linkedin.com/jobs/view/junior-python-developer-at-btg-pactual-chile-4340387486, usando datos básicos
[2026-02-07 20:06:53,265] WARNING: Oferta incompleta descartada: Oferta 11
[2026-02-07 20:06:53,630] WARNING: No se pudo acceder a https://cl.linkedin.com/jobs/view/python-engineer-at-abaqus-4345926810, usando datos básicos
[2026-02-07 20:06:53,630] WARNING: Oferta incompleta descartada: Oferta 12
[2026-02-07 20:06:53,758] WARNING: No se pudo acceder a https://cl.linkedin.com/jobs/view/full-stack-engineer-at-mercado-libre-4354241488, usando datos básicos
[2026-02-07 20:06:53,758] WARNING: Oferta incompleta descartada: Oferta 13
[2026-02-07 20:06:53,889] WARNING: No se pudo acceder a https://cl.linkedin.com/jobs/view/full-stack-engineer-at-dots-4249314551, usando datos básicos
[2026-02-07 20:06:53,889] WARNING: Oferta incompleta descartada: Oferta 14
[2026-02-07 20:06:54,016] WARNING: No se pudo acceder a https://cl.linkedin.com/jobs/view/buscamos-backend-developer-at-grupo-maclean-servicios-integrales-4264276213, usando datos básicos
[2026-02-07 20:06:54,016] WARNING: Oferta incompleta descartada: Oferta 15
[2026-02-07 20:06:54,017] INFO: [OK] Procesadas 5 ofertas (incompletas eliminadas)
[2026-02-07 20:06:54,017] INFO: [OK] Ofertas procesadas: 5
[2026-02-07 20:06:54,017] INFO: 
[3/4] Calculando Compatibilidad (Match Score + Proximidad)...
[2026-02-07 20:06:54,021] INFO: [OK] Compatibilidad calculada para 5 ofertas
[2026-02-07 20:06:54,022] INFO: 
==========================================================================================
[2026-02-07 20:06:54,022] INFO: RESULTADOS JOBSPEED - RANKING INTELIGENTE
[2026-02-07 20:06:54,022] INFO: ==========================================================================================
[2026-02-07 20:06:54,022] INFO: 
[RECOMENDADOS] - Mayor Compatibilidad Técnica
[2026-02-07 20:06:54,022] INFO: ------------------------------------------------------------------------------------------
[2026-02-07 20:06:54,022] INFO: 
#1. Oferta 1 - N/A
[2026-02-07 20:06:54,023] INFO:     Ubicación: N/A, N/A
[2026-02-07 20:06:54,023] INFO:     Score: 79.0% (Match: 100.0%)
[2026-02-07 20:06:54,023] INFO: 
#2. Oferta 4 - N/A
[2026-02-07 20:06:54,023] INFO:     Ubicación: N/A, N/A
[2026-02-07 20:06:54,023] INFO:     Score: 79.0% (Match: 100.0%)
[2026-02-07 20:06:54,023] INFO: 
==========================================================================================
[2026-02-07 20:06:54,023] INFO: 
[4/4] Iniciando Storage...
[2026-02-07 20:06:54,025] INFO: CSV existente. Verificando duplicados...
[2026-02-07 20:06:54,032] INFO: [OK] Guardadas 4 nuevas ofertas en C:\Users\sebar\Desktop\Programacion\JobSpeed\data\ofertas.csv
[2026-02-07 20:06:54,047] INFO: Leídas 14 ofertas del CSV
[2026-02-07 20:06:54,048] INFO: [OK] CSV Actualizado. Estadísticas: {'total_ofertas': 14, 'empresas_unicas': 0, 'ciudades_unicas': 0, 'paises_unicos': 0, 'salarios_disponibles': 0}
[2026-02-07 20:06:54,048] INFO: 
================================================================================
[2026-02-07 20:06:54,048] INFO: PIPELINE EJECUTADO EXITOSAMENTE
[2026-02-07 20:06:54,048] INFO: Total de ofertas procesadas: 5
[2026-02-07 20:06:54,048] INFO: Empresas únicas: 0
[2026-02-07 20:06:54,048] INFO: Ciudades: 0
[2026-02-07 20:06:54,049] INFO: Países: 0
[2026-02-07 20:06:54,049] INFO: 
[TOP 3] MEJORES OFERTAS PARA TI:
[2026-02-07 20:06:54,050] INFO:   1. Oferta 1 - Score: 79.0%
[2026-02-07 20:06:54,050] INFO:   2. Oferta 4 - Score: 79.0%
[2026-02-07 20:06:54,050] INFO:   3. Oferta 2 - Score: 9.0%
[2026-02-07 20:06:54,050] INFO: ================================================================================
[2026-02-07 20:06:54,050] INFO: Conexión a BD cerrada
[2026-02-07 20:12:21,891] INFO: ================================================================================
[2026-02-07 20:12:21,891] INFO: INICIANDO JOBSPEED - SPRINT 2
[2026-02-07 20:12:21,891] INFO: Timestamp: 2026-02-07 20:12:21
[2026-02-07 20:12:21,891] INFO: ================================================================================
[2026-02-07 20:12:21,892] INFO: 
[0/4] Conectando a Base de Datos...
[2026-02-07 20:12:21,892] INFO: Conectado a BD: data\jobspeed.db
[2026-02-07 20:12:21,893] INFO: [OK] Usuario conectado: Sebastian Alejandro Alvarez Aravena
[2026-02-07 20:12:21,893] INFO:   Carrera: Ingeniería en Informática
[2026-02-07 20:12:21,893] INFO:   Ubicación: Santiago, Chile
[2026-02-07 20:12:21,893] INFO: 
[1/4] Iniciando Collector (LinkedIn con Selenium)...
[2026-02-07 20:12:21,893] INFO: [COLLECTOR] Iniciando extraccion de links: 'python developer' (Chile) -> 15
[2026-02-07 20:12:21,893] INFO: [COLLECTOR] Iniciando navegador Chrome...
[2026-02-07 20:12:21,894] INFO: ====== WebDriver manager ======
[2026-02-07 20:12:22,568] INFO: Get LATEST chromedriver version for google-chrome
[2026-02-07 20:12:22,863] INFO: Get LATEST chromedriver version for google-chrome
[2026-02-07 20:12:23,160] INFO: Driver [C:\Users\sebar\.wdm\drivers\chromedriver\win64\144.0.7559.133\chromedriver-win32/THIRD_PARTY_NOTICES.chromedriver] found in cache
[2026-02-07 20:12:24,199] INFO: [COLLECTOR] Navegador iniciado
[2026-02-07 20:12:24,199] INFO: [COLLECTOR] Accediendo a LinkedIn: https://www.linkedin.com/jobs/search/?keywords=python%20developer&location=Chile
[2026-02-07 20:12:28,809] INFO: [COLLECTOR] Scrolling para cargar ofertas...
[2026-02-07 20:12:31,333] INFO: [COLLECTOR] Extrayendo enlaces...
[2026-02-07 20:12:31,568] INFO: [COLLECTOR] Total enlaces extraidos: 15
[2026-02-07 20:12:31,569] INFO: [COLLECTOR] Total ofertas procesadas: 15
[2026-02-07 20:12:31,569] INFO: [COLLECTOR] Cerrando navegador Chrome...
[2026-02-07 20:12:37,968] INFO: [COLLECTOR] Deduplicacion: 15 enlaces unicos
[2026-02-07 20:12:37,968] INFO: [OK] Ofertas extraídas y deduplicadas: 15
[2026-02-07 20:12:37,968] INFO: 
[2/4] Iniciando Parser...
[2026-02-07 20:12:37,969] INFO: Iniciando procesamiento de 15 ofertas
[2026-02-07 20:12:41,381] WARNING: No se pudo acceder a https://cl.linkedin.com/jobs/view/full-stack-at-blue-express-4356607869, usando datos básicos
[2026-02-07 20:12:41,382] WARNING: Oferta incompleta descartada: Oferta 6
[2026-02-07 20:12:41,510] WARNING: No se pudo acceder a https://cl.linkedin.com/jobs/view/desarrollador-full-stack-at-bc-tecnolog%C3%ADa-4324381604, usando datos básicos
[2026-02-07 20:12:41,510] WARNING: Oferta incompleta descartada: Oferta 7
[2026-02-07 20:12:42,005] WARNING: No se pudo acceder a https://cl.linkedin.com/jobs/view/backend-developer-at-ita%C3%BA-chile-4366790931, usando datos básicos
[2026-02-07 20:12:42,005] WARNING: Oferta incompleta descartada: Oferta 8
[2026-02-07 20:12:42,251] WARNING: No se pudo acceder a https://cl.linkedin.com/jobs/view/desarrollador-backend-arduino-at-avos-tech-chile-4249035439, usando datos básicos
[2026-02-07 20:12:42,252] WARNING: Oferta incompleta descartada: Oferta 9
[2026-02-07 20:12:42,732] WARNING: No se pudo acceder a https://cl.linkedin.com/jobs/view/senior-python-developer-at-makai-labs-4344953065, usando datos básicos
[2026-02-07 20:12:42,732] WARNING: Oferta incompleta descartada: Oferta 10
[2026-02-07 20:12:43,094] WARNING: No se pudo acceder a https://cl.linkedin.com/jobs/view/software-engineer-front-end-developer-at-2brains-4368242579, usando datos básicos
[2026-02-07 20:12:43,094] WARNING: Oferta incompleta descartada: Oferta 11
[2026-02-07 20:12:43,226] WARNING: No se pudo acceder a https://cl.linkedin.com/jobs/view/full-stack-engineer-at-dots-4249314551, usando datos básicos
[2026-02-07 20:12:43,226] WARNING: Oferta incompleta descartada: Oferta 12
[2026-02-07 20:12:43,355] WARNING: No se pudo acceder a https://cl.linkedin.com/jobs/view/backend-engineer-at-avos-tech-chile-4153173548, usando datos básicos
[2026-02-07 20:12:43,355] WARNING: Oferta incompleta descartada: Oferta 13
[2026-02-07 20:12:43,790] WARNING: No se pudo acceder a https://cl.linkedin.com/jobs/view/desarrollador-a-full-stack-react-microservicios-at-bc-tecnolog%C3%ADa-4367937714, usando datos básicos
[2026-02-07 20:12:43,790] WARNING: Oferta incompleta descartada: Oferta 14
[2026-02-07 20:12:43,917] WARNING: No se pudo acceder a https://cl.linkedin.com/jobs/view/backend-engineer-junior-at-avos-tech-chile-4238999860, usando datos básicos
[2026-02-07 20:12:43,918] WARNING: Oferta incompleta descartada: Oferta 15
[2026-02-07 20:12:43,918] INFO: [OK] Procesadas 5 ofertas (incompletas eliminadas)
[2026-02-07 20:12:43,918] INFO: [OK] Ofertas procesadas: 5
[2026-02-07 20:12:43,918] INFO: 
[3/4] Calculando Compatibilidad (Match Score + Proximidad)...
[2026-02-07 20:12:43,923] INFO: [OK] Compatibilidad calculada para 5 ofertas
[2026-02-07 20:12:43,924] INFO: 
==========================================================================================
[2026-02-07 20:12:43,924] INFO: RESULTADOS JOBSPEED - RANKING INTELIGENTE
[2026-02-07 20:12:43,924] INFO: ==========================================================================================
[2026-02-07 20:12:43,924] INFO: 
==========================================================================================
[2026-02-07 20:12:43,925] INFO: 
[4/4] Iniciando Storage...
[2026-02-07 20:12:43,926] INFO: CSV existente. Verificando duplicados...
[2026-02-07 20:12:43,931] INFO: [OK] Guardadas 4 nuevas ofertas en C:\Users\sebar\Desktop\Programacion\JobSpeed\data\ofertas.csv
[2026-02-07 20:12:43,949] INFO: Leídas 18 ofertas del CSV
[2026-02-07 20:12:43,949] INFO: [OK] CSV Actualizado. Estadísticas: {'total_ofertas': 18, 'empresas_unicas': 0, 'ciudades_unicas': 0, 'paises_unicos': 0, 'salarios_disponibles': 0}
[2026-02-07 20:12:43,950] INFO: 
================================================================================
[2026-02-07 20:12:43,950] INFO: PIPELINE EJECUTADO EXITOSAMENTE
[2026-02-07 20:12:43,950] INFO: Total de ofertas procesadas: 5
[2026-02-07 20:12:43,950] INFO: Empresas únicas: 0
[2026-02-07 20:12:43,950] INFO: Ciudades: 0
[2026-02-07 20:12:43,950] INFO: Países: 0
[2026-02-07 20:12:43,950] INFO: 
[TOP 3] MEJORES OFERTAS PARA TI:
[2026-02-07 20:12:43,950] INFO:   1. Oferta 1 - Score: 9.0%
[2026-02-07 20:12:43,951] INFO:   2. Oferta 2 - Score: 9.0%
[2026-02-07 20:12:43,951] INFO:   3. Oferta 3 - Score: 9.0%
[2026-02-07 20:12:43,951] INFO: ================================================================================
[2026-02-07 20:12:43,951] INFO: Conexión a BD cerrada
[2026-02-07 20:24:47,681] INFO: ================================================================================
[2026-02-07 20:24:47,681] INFO: INICIANDO JOBSPEED - SPRINT 2
[2026-02-07 20:24:47,681] INFO: Timestamp: 2026-02-07 20:24:47
[2026-02-07 20:24:47,682] INFO: ================================================================================
[2026-02-07 20:24:47,682] INFO: 
[0/4] Conectando a Base de Datos...
[2026-02-07 20:24:47,682] INFO: Conectado a BD: data\jobspeed.db
[2026-02-07 20:24:47,683] INFO: [OK] Usuario conectado: Sebastian Alejandro Alvarez Aravena
[2026-02-07 20:24:47,683] INFO:   Carrera: Ingeniería en Informática
[2026-02-07 20:24:47,684] INFO:   Ubicación: Santiago, Chile
[2026-02-07 20:24:47,684] INFO: 
[1/4] Iniciando Multi-Source Collector (LinkedIn + Chiletrabajos + Trabajando + Indeed)...
[2026-02-07 20:24:47,684] INFO: 
  [1a] Recolectando de LinkedIn con Selenium...
[2026-02-07 20:24:47,684] INFO: [COLLECTOR] Iniciando extraccion de links: 'python developer' (Chile) -> 15
[2026-02-07 20:24:47,684] INFO: [COLLECTOR] Iniciando navegador Chrome...
[2026-02-07 20:24:47,684] INFO: ====== WebDriver manager ======
[2026-02-07 20:24:48,326] INFO: Get LATEST chromedriver version for google-chrome
[2026-02-07 20:24:48,628] INFO: Get LATEST chromedriver version for google-chrome
[2026-02-07 20:24:48,918] INFO: Driver [C:\Users\sebar\.wdm\drivers\chromedriver\win64\144.0.7559.133\chromedriver-win32/THIRD_PARTY_NOTICES.chromedriver] found in cache
[2026-02-07 20:24:49,946] INFO: [COLLECTOR] Navegador iniciado
[2026-02-07 20:24:49,946] INFO: [COLLECTOR] Accediendo a LinkedIn: https://www.linkedin.com/jobs/search/?keywords=python%20developer&location=Chile
[2026-02-07 20:24:54,137] INFO: [COLLECTOR] Scrolling para cargar ofertas...
[2026-02-07 20:24:56,661] INFO: [COLLECTOR] Extrayendo enlaces...
[2026-02-07 20:24:56,892] INFO: [COLLECTOR] Total enlaces extraidos: 15
[2026-02-07 20:24:56,892] INFO: [COLLECTOR] Total ofertas procesadas: 15
[2026-02-07 20:24:56,892] INFO: [COLLECTOR] Cerrando navegador Chrome...
[2026-02-07 20:25:03,269] INFO: [COLLECTOR] Deduplicacion: 15 enlaces unicos
[2026-02-07 20:25:03,269] INFO:   [OK] 15 ofertas de LinkedIn extraídas
[2026-02-07 20:25:03,269] INFO: 
  [1b] Recolectando de plataformas locales...
[2026-02-07 20:25:03,270] INFO:   [OK] LinkedIn agregado al recopilador
[2026-02-07 20:25:03,270] INFO: ================================================================================
[2026-02-07 20:25:03,270] INFO: INICIANDO SCRAPING MULTI-FUENTE
[2026-02-07 20:25:03,270] INFO: ================================================================================
[2026-02-07 20:25:03,271] INFO: 
[SCRAPING] CHILETRABAJOS...
[2026-02-07 20:25:03,271] INFO: [Chiletrabajos] Scrapeando: https://www.chiletrabajos.cl/?s=python developer&l=santiago&r=50
[2026-02-07 20:25:04,486] INFO: [Chiletrabajos] 10 ofertas extraídas
[2026-02-07 20:25:06,491] INFO: [Chiletrabajos] Scrapeando: https://www.chiletrabajos.cl/?s=python developer&l=chile&r=50
[2026-02-07 20:25:06,807] INFO: [Chiletrabajos] 10 ofertas extraídas
[2026-02-07 20:25:08,810] INFO: [Chiletrabajos] Scrapeando: https://www.chiletrabajos.cl/?s=python&l=santiago&r=50
[2026-02-07 20:25:09,128] INFO: [Chiletrabajos] 10 ofertas extraídas
[2026-02-07 20:25:11,130] INFO: [Chiletrabajos] Scrapeando: https://www.chiletrabajos.cl/?s=python&l=chile&r=50
[2026-02-07 20:25:11,451] INFO: [Chiletrabajos] 10 ofertas extraídas
[2026-02-07 20:25:13,454] INFO: 
[SCRAPING] TRABAJANDO...
[2026-02-07 20:25:13,454] INFO: [Trabajando.cl] Scrapeando: https://www.trabajando.cl/jobs?search=python developer&location=santiago
[2026-02-07 20:25:15,754] INFO: [Trabajando.cl] Scrapeando: https://www.trabajando.cl/jobs?search=python developer&location=chile
[2026-02-07 20:25:17,763] INFO: [Trabajando.cl] Scrapeando: https://www.trabajando.cl/jobs?search=python&location=santiago
[2026-02-07 20:25:19,771] INFO: [Trabajando.cl] Scrapeando: https://www.trabajando.cl/jobs?search=python&location=chile
[2026-02-07 20:25:21,780] INFO: 
[SCRAPING] INDEED...
[2026-02-07 20:25:21,780] INFO: [Indeed] Scrapeando: https://indeed.com/jobs?q=python developer&l=santiago
[2026-02-07 20:25:24,082] INFO: [Indeed] Scrapeando: https://indeed.com/jobs?q=python developer&l=chile
[2026-02-07 20:25:26,362] INFO: [Indeed] Scrapeando: https://indeed.com/jobs?q=python&l=santiago
[2026-02-07 20:25:28,668] INFO: [Indeed] Scrapeando: https://indeed.com/jobs?q=python&l=chile
[2026-02-07 20:25:30,983] INFO: 
================================================================================
[2026-02-07 20:25:30,983] INFO: TOTAL DE OFERTAS EXTRAÍDAS: 55
[2026-02-07 20:25:30,983] INFO: ================================================================================

[2026-02-07 20:25:30,985] INFO: [OK] Ofertas extraídas de múltiples fuentes: 25
[2026-02-07 20:25:30,985] INFO: 
[2/4] Iniciando Parser...
[2026-02-07 20:25:30,985] INFO: Iniciando procesamiento de 25 ofertas
[2026-02-07 20:25:37,933] WARNING: No se pudo acceder a https://cl.linkedin.com/jobs/view/software-engineer-back-end-o-front-end-at-cordada-4344652331, usando datos básicos
[2026-02-07 20:25:37,933] WARNING: Oferta incompleta descartada: Oferta 11
[2026-02-07 20:25:38,062] WARNING: No se pudo acceder a https://cl.linkedin.com/jobs/view/full-stack-software-developer-engineer-at-talana-4357671508, usando datos básicos
[2026-02-07 20:25:38,062] WARNING: Oferta incompleta descartada: Oferta 12
[2026-02-07 20:25:38,188] WARNING: No se pudo acceder a https://cl.linkedin.com/jobs/view/backend-engineer-at-avos-tech-chile-4153173548, usando datos básicos
[2026-02-07 20:25:38,190] WARNING: Oferta incompleta descartada: Oferta 13
[2026-02-07 20:25:38,554] WARNING: No se pudo acceder a https://cl.linkedin.com/jobs/view/python-engineer-at-abaqus-4345926810, usando datos básicos
[2026-02-07 20:25:38,554] WARNING: Oferta incompleta descartada: Oferta 14
[2026-02-07 20:25:38,924] WARNING: No se pudo acceder a https://cl.linkedin.com/jobs/view/software-engineer-front-end-developer-at-2brains-4368242579, usando datos básicos
[2026-02-07 20:25:38,924] WARNING: Oferta incompleta descartada: Oferta 15
[2026-02-07 20:25:39,764] WARNING: Oferta incompleta descartada: Masterasesorias,Santiago
[2026-02-07 20:25:39,930] WARNING: Oferta incompleta descartada: Demarie,Santiago
[2026-02-07 20:25:40,103] WARNING: Oferta incompleta descartada: Isapre banmedica,Santiago
[2026-02-07 20:25:40,277] WARNING: Oferta incompleta descartada: Cafeteria,Concepción
[2026-02-07 20:25:40,449] WARNING: Oferta incompleta descartada: Seguridad privada,Santiago
[2026-02-07 20:25:40,616] WARNING: Oferta incompleta descartada: Tecnocarton,Santiago
[2026-02-07 20:25:40,780] WARNING: Oferta incompleta descartada: Importante instituto de educación..,Santiago
[2026-02-07 20:25:40,952] WARNING: Oferta incompleta descartada: Codem consultores,Antofagasta
[2026-02-07 20:25:41,133] WARNING: Oferta incompleta descartada: Comercializadora crecer spa,Concepción
[2026-02-07 20:25:41,299] WARNING: Oferta incompleta descartada: Las-almendra´s,Santiago
[2026-02-07 20:25:41,299] INFO: [OK] Procesadas 10 ofertas (incompletas eliminadas)
[2026-02-07 20:25:41,300] INFO: [OK] Ofertas procesadas: 10
[2026-02-07 20:25:41,300] INFO: 
[3/4] Calculando Compatibilidad (Match Score + Proximidad)...
[2026-02-07 20:25:41,308] INFO: [OK] Compatibilidad calculada para 10 ofertas
[2026-02-07 20:25:41,308] INFO: 
==========================================================================================
[2026-02-07 20:25:41,308] INFO: RESULTADOS JOBSPEED - RANKING INTELIGENTE
[2026-02-07 20:25:41,309] INFO: ==========================================================================================
[2026-02-07 20:25:41,309] INFO: 
[RECOMENDADOS] - Mayor Compatibilidad Técnica
[2026-02-07 20:25:41,309] INFO: ------------------------------------------------------------------------------------------
[2026-02-07 20:25:41,309] INFO: 
#1. Oferta 2 - N/A
[2026-02-07 20:25:41,309] INFO:     Ubicación: N/A, N/A
[2026-02-07 20:25:41,309] INFO:     Score: 79.0% (Match: 100.0%)
[2026-02-07 20:25:41,309] INFO: 
#2. Oferta 6 - N/A
[2026-02-07 20:25:41,310] INFO:     Ubicación: N/A, N/A
[2026-02-07 20:25:41,310] INFO:     Score: 79.0% (Match: 100.0%)
[2026-02-07 20:25:41,310] INFO: 
#3. Oferta 7 - N/A
[2026-02-07 20:25:41,310] INFO:     Ubicación: N/A, N/A
[2026-02-07 20:25:41,310] INFO:     Score: 79.0% (Match: 100.0%)
[2026-02-07 20:25:41,310] INFO: 
#4. Oferta 8 - N/A
[2026-02-07 20:25:41,310] INFO:     Ubicación: N/A, N/A
[2026-02-07 20:25:41,311] INFO:     Score: 79.0% (Match: 100.0%)
[2026-02-07 20:25:41,311] INFO: 
==========================================================================================
[2026-02-07 20:25:41,311] INFO: 
[4/4] Iniciando Storage...
[2026-02-07 20:25:41,312] WARNING: Columna faltante: source. Agregando con valores N/A
[2026-02-07 20:25:41,313] INFO: CSV existente. Verificando duplicados...
[2026-02-07 20:25:41,318] INFO: [OK] Guardadas 6 nuevas ofertas en C:\Users\sebar\Desktop\Programacion\JobSpeed\data\ofertas.csv
[2026-02-07 20:25:41,332] INFO: Leídas 24 ofertas del CSV
[2026-02-07 20:25:41,333] INFO: [OK] CSV Actualizado. Estadísticas: {'total_ofertas': 24, 'empresas_unicas': 0, 'ciudades_unicas': 0, 'paises_unicos': 0, 'salarios_disponibles': 0}
[2026-02-07 20:25:41,333] INFO: 
================================================================================
[2026-02-07 20:25:41,333] INFO: PIPELINE EJECUTADO EXITOSAMENTE
[2026-02-07 20:25:41,334] INFO: Total de ofertas procesadas: 10
[2026-02-07 20:25:41,334] INFO: Empresas únicas: 0
[2026-02-07 20:25:41,334] INFO: Ciudades: 0
[2026-02-07 20:25:41,334] INFO: Países: 0
[2026-02-07 20:25:41,334] INFO: 
[TOP 3] MEJORES OFERTAS PARA TI:
[2026-02-07 20:25:41,334] INFO:   1. Oferta 2 - Score: 79.0%
[2026-02-07 20:25:41,334] INFO:   2. Oferta 6 - Score: 79.0%
[2026-02-07 20:25:41,335] INFO:   3. Oferta 7 - Score: 79.0%
[2026-02-07 20:25:41,335] INFO: ================================================================================
[2026-02-07 20:25:41,335] INFO: Conexión a BD cerrada
[2026-02-07 20:32:36,670] INFO: ================================================================================
[2026-02-07 20:32:36,670] INFO: INICIANDO JOBSPEED - SPRINT 2
[2026-02-07 20:32:36,670] INFO: Timestamp: 2026-02-07 20:32:36
[2026-02-07 20:32:36,670] INFO: ================================================================================
[2026-02-07 20:32:36,670] INFO: 
[0/4] Conectando a Base de Datos...
[2026-02-07 20:32:36,671] INFO: Conectado a BD: data\jobspeed.db
[2026-02-07 20:32:36,672] INFO: [OK] Usuario conectado: Sebastian Alejandro Alvarez Aravena
[2026-02-07 20:32:36,672] INFO:   Carrera: Ingeniería en Informática
[2026-02-07 20:32:36,672] INFO:   Ubicación: Santiago, Chile
[2026-02-07 20:32:36,672] INFO: 
[1/4] Iniciando Multi-Source Collector (LinkedIn + Chiletrabajos + Trabajando + Indeed)...
[2026-02-07 20:32:36,672] INFO: 
  [1a] Recolectando de LinkedIn con Selenium...
[2026-02-07 20:32:36,672] INFO: [COLLECTOR] Iniciando extraccion de links: 'python developer' (Chile) -> 15
[2026-02-07 20:32:36,673] INFO: [COLLECTOR] Iniciando navegador Chrome...
[2026-02-07 20:32:36,673] INFO: ====== WebDriver manager ======
[2026-02-07 20:32:37,293] INFO: Get LATEST chromedriver version for google-chrome
[2026-02-07 20:32:37,590] INFO: Get LATEST chromedriver version for google-chrome
[2026-02-07 20:32:37,882] INFO: Driver [C:\Users\sebar\.wdm\drivers\chromedriver\win64\144.0.7559.133\chromedriver-win32/THIRD_PARTY_NOTICES.chromedriver] found in cache
[2026-02-07 20:32:38,976] INFO: [COLLECTOR] Navegador iniciado
[2026-02-07 20:32:38,976] INFO: [COLLECTOR] Accediendo a LinkedIn: https://www.linkedin.com/jobs/search/?keywords=python%20developer&location=Chile
[2026-02-07 20:32:43,266] INFO: [COLLECTOR] Scrolling para cargar ofertas...
[2026-02-07 20:32:45,794] INFO: [COLLECTOR] Extrayendo enlaces...
[2026-02-07 20:32:46,018] INFO: [COLLECTOR] Total enlaces extraidos: 15
[2026-02-07 20:32:46,018] INFO: [COLLECTOR] Total ofertas procesadas: 15
[2026-02-07 20:32:46,018] INFO: [COLLECTOR] Cerrando navegador Chrome...
[2026-02-07 20:32:52,418] INFO: [COLLECTOR] Deduplicacion: 15 enlaces unicos
[2026-02-07 20:32:52,418] INFO:   [OK] 15 ofertas de LinkedIn extraídas
[2026-02-07 20:32:52,418] INFO: 
  [1b] Recolectando de plataformas chilenas/latinas con Selenium (navegador real)...
[2026-02-07 20:32:52,418] INFO: ================================================================================
[2026-02-07 20:32:52,419] INFO: INICIANDO SCRAPING CON SELENIUM (NAVEGADOR REAL)
[2026-02-07 20:32:52,420] INFO: ================================================================================
[2026-02-07 20:32:52,420] INFO: 
[SCRAPING] CHILETRABAJOS...
[2026-02-07 20:32:52,420] INFO: ====== WebDriver manager ======
[2026-02-07 20:32:53,007] INFO: Get LATEST chromedriver version for google-chrome
[2026-02-07 20:32:53,299] INFO: Get LATEST chromedriver version for google-chrome
[2026-02-07 20:32:53,590] INFO: Driver [C:\Users\sebar\.wdm\drivers\chromedriver\win64\144.0.7559.133\chromedriver-win32/THIRD_PARTY_NOTICES.chromedriver] found in cache
[2026-02-07 20:32:53,604] ERROR: [Chiletrabajos] Error iniciando Chrome: [WinError 193] %1 no es una aplicación Win32 válida
[2026-02-07 20:32:55,607] INFO: ====== WebDriver manager ======
[2026-02-07 20:32:56,196] INFO: Get LATEST chromedriver version for google-chrome
[2026-02-07 20:32:56,479] INFO: Get LATEST chromedriver version for google-chrome
[2026-02-07 20:32:56,768] INFO: Driver [C:\Users\sebar\.wdm\drivers\chromedriver\win64\144.0.7559.133\chromedriver-win32/THIRD_PARTY_NOTICES.chromedriver] found in cache
[2026-02-07 20:32:56,770] ERROR: [Chiletrabajos] Error iniciando Chrome: [WinError 193] %1 no es una aplicación Win32 válida
[2026-02-07 20:32:58,773] INFO: ====== WebDriver manager ======
[2026-02-07 20:32:59,360] INFO: Get LATEST chromedriver version for google-chrome
[2026-02-07 20:32:59,645] INFO: Get LATEST chromedriver version for google-chrome
[2026-02-07 20:32:59,939] INFO: Driver [C:\Users\sebar\.wdm\drivers\chromedriver\win64\144.0.7559.133\chromedriver-win32/THIRD_PARTY_NOTICES.chromedriver] found in cache
[2026-02-07 20:32:59,941] ERROR: [Chiletrabajos] Error iniciando Chrome: [WinError 193] %1 no es una aplicación Win32 válida
[2026-02-07 20:33:01,944] INFO: ====== WebDriver manager ======
[2026-02-07 20:33:02,583] INFO: Get LATEST chromedriver version for google-chrome
[2026-02-07 20:33:02,877] INFO: Get LATEST chromedriver version for google-chrome
[2026-02-07 20:33:03,168] INFO: Driver [C:\Users\sebar\.wdm\drivers\chromedriver\win64\144.0.7559.133\chromedriver-win32/THIRD_PARTY_NOTICES.chromedriver] found in cache
[2026-02-07 20:33:03,169] ERROR: [Chiletrabajos] Error iniciando Chrome: [WinError 193] %1 no es una aplicación Win32 válida
[2026-02-07 20:33:05,173] INFO: 
[SCRAPING] TRABAJANDO...
[2026-02-07 20:33:05,173] INFO: ====== WebDriver manager ======
[2026-02-07 20:33:05,761] INFO: Get LATEST chromedriver version for google-chrome
[2026-02-07 20:33:06,051] INFO: Get LATEST chromedriver version for google-chrome
[2026-02-07 20:33:06,342] INFO: Driver [C:\Users\sebar\.wdm\drivers\chromedriver\win64\144.0.7559.133\chromedriver-win32/THIRD_PARTY_NOTICES.chromedriver] found in cache
[2026-02-07 20:33:06,343] ERROR: [Trabajando.cl] Error iniciando Chrome: [WinError 193] %1 no es una aplicación Win32 válida
[2026-02-07 20:33:08,346] INFO: ====== WebDriver manager ======
[2026-02-07 20:33:08,936] INFO: Get LATEST chromedriver version for google-chrome
[2026-02-07 20:33:09,223] INFO: Get LATEST chromedriver version for google-chrome
[2026-02-07 20:33:09,510] INFO: Driver [C:\Users\sebar\.wdm\drivers\chromedriver\win64\144.0.7559.133\chromedriver-win32/THIRD_PARTY_NOTICES.chromedriver] found in cache
[2026-02-07 20:33:09,512] ERROR: [Trabajando.cl] Error iniciando Chrome: [WinError 193] %1 no es una aplicación Win32 válida
[2026-02-07 20:33:11,514] INFO: ====== WebDriver manager ======
[2026-02-07 20:33:12,101] INFO: Get LATEST chromedriver version for google-chrome
[2026-02-07 20:33:12,390] INFO: Get LATEST chromedriver version for google-chrome
[2026-02-07 20:33:12,677] INFO: Driver [C:\Users\sebar\.wdm\drivers\chromedriver\win64\144.0.7559.133\chromedriver-win32/THIRD_PARTY_NOTICES.chromedriver] found in cache
[2026-02-07 20:33:12,678] ERROR: [Trabajando.cl] Error iniciando Chrome: [WinError 193] %1 no es una aplicación Win32 válida
[2026-02-07 20:33:14,681] INFO: ====== WebDriver manager ======
[2026-02-07 20:33:15,282] INFO: Get LATEST chromedriver version for google-chrome
[2026-02-07 20:33:15,567] INFO: Get LATEST chromedriver version for google-chrome
[2026-02-07 20:33:15,854] INFO: Driver [C:\Users\sebar\.wdm\drivers\chromedriver\win64\144.0.7559.133\chromedriver-win32/THIRD_PARTY_NOTICES.chromedriver] found in cache
[2026-02-07 20:33:15,856] ERROR: [Trabajando.cl] Error iniciando Chrome: [WinError 193] %1 no es una aplicación Win32 válida
[2026-02-07 20:33:17,858] INFO: 
[SCRAPING] INDEED...
[2026-02-07 20:33:17,858] INFO: ====== WebDriver manager ======
[2026-02-07 20:33:18,445] INFO: Get LATEST chromedriver version for google-chrome
[2026-02-07 20:33:18,732] INFO: Get LATEST chromedriver version for google-chrome
[2026-02-07 20:33:19,017] INFO: Driver [C:\Users\sebar\.wdm\drivers\chromedriver\win64\144.0.7559.133\chromedriver-win32/THIRD_PARTY_NOTICES.chromedriver] found in cache
[2026-02-07 20:33:19,018] ERROR: [Indeed] Error iniciando Chrome: [WinError 193] %1 no es una aplicación Win32 válida
[2026-02-07 20:33:21,020] INFO: ====== WebDriver manager ======
[2026-02-07 20:33:21,617] INFO: Get LATEST chromedriver version for google-chrome
[2026-02-07 20:33:21,908] INFO: Get LATEST chromedriver version for google-chrome
[2026-02-07 20:33:22,197] INFO: Driver [C:\Users\sebar\.wdm\drivers\chromedriver\win64\144.0.7559.133\chromedriver-win32/THIRD_PARTY_NOTICES.chromedriver] found in cache
[2026-02-07 20:33:22,199] ERROR: [Indeed] Error iniciando Chrome: [WinError 193] %1 no es una aplicación Win32 válida
[2026-02-07 20:33:24,171] INFO: Conexión a BD cerrada
[2026-02-07 20:35:56,747] INFO: ================================================================================
[2026-02-07 20:35:56,747] INFO: INICIANDO JOBSPEED - SPRINT 2
[2026-02-07 20:35:56,748] INFO: Timestamp: 2026-02-07 20:35:56
[2026-02-07 20:35:56,748] INFO: ================================================================================
[2026-02-07 20:35:56,748] INFO: 
[0/4] Conectando a Base de Datos...
[2026-02-07 20:35:56,749] INFO: Conectado a BD: data\jobspeed.db
[2026-02-07 20:35:56,749] INFO: [OK] Usuario conectado: Sebastian Alejandro Alvarez Aravena
[2026-02-07 20:35:56,749] INFO:   Carrera: Ingeniería en Informática
[2026-02-07 20:35:56,749] INFO:   Ubicación: Santiago, Chile
[2026-02-07 20:35:56,749] INFO: 
[1/4] Iniciando Multi-Source Collector (LinkedIn + Chiletrabajos + Trabajando + Indeed)...
[2026-02-07 20:35:56,749] INFO: 
  [1a] Recolectando de LinkedIn con Selenium...
[2026-02-07 20:35:56,749] INFO: [COLLECTOR] Iniciando extraccion de links: 'python developer' (Chile) -> 15
[2026-02-07 20:35:56,749] INFO: [COLLECTOR] Iniciando navegador Chrome...
[2026-02-07 20:35:56,750] INFO: ====== WebDriver manager ======
[2026-02-07 20:35:57,386] INFO: Get LATEST chromedriver version for google-chrome
[2026-02-07 20:35:57,679] INFO: Get LATEST chromedriver version for google-chrome
[2026-02-07 20:35:57,962] INFO: Driver [C:\Users\sebar\.wdm\drivers\chromedriver\win64\144.0.7559.133\chromedriver-win32/THIRD_PARTY_NOTICES.chromedriver] found in cache
[2026-02-07 20:35:59,009] INFO: [COLLECTOR] Navegador iniciado
[2026-02-07 20:35:59,009] INFO: [COLLECTOR] Accediendo a LinkedIn: https://www.linkedin.com/jobs/search/?keywords=python%20developer&location=Chile
[2026-02-07 20:36:03,366] INFO: [COLLECTOR] Scrolling para cargar ofertas...
[2026-02-07 20:36:05,892] INFO: [COLLECTOR] Extrayendo enlaces...
[2026-02-07 20:36:06,119] INFO: [COLLECTOR] Total enlaces extraidos: 15
[2026-02-07 20:36:06,119] INFO: [COLLECTOR] Total ofertas procesadas: 15
[2026-02-07 20:36:06,119] INFO: [COLLECTOR] Cerrando navegador Chrome...
[2026-02-07 20:36:12,507] INFO: [COLLECTOR] Deduplicacion: 15 enlaces unicos
[2026-02-07 20:36:12,507] INFO:   [OK] 15 ofertas de LinkedIn extraídas
[2026-02-07 20:36:12,507] INFO: 
  [1b] Recolectando de plataformas chilenas/latinas con Selenium (navegador real)...
[2026-02-07 20:36:12,508] INFO: ================================================================================
[2026-02-07 20:36:12,508] INFO: INICIANDO SCRAPING CON SELENIUM (NAVEGADOR REAL)
[2026-02-07 20:36:12,508] INFO: ================================================================================
[2026-02-07 20:36:12,508] INFO: 
[SCRAPING] CHILETRABAJOS...
[2026-02-07 20:36:12,508] INFO: ====== WebDriver manager ======
[2026-02-07 20:36:13,112] INFO: Get LATEST chromedriver version for google-chrome
[2026-02-07 20:36:13,396] INFO: Get LATEST chromedriver version for google-chrome
[2026-02-07 20:36:13,679] INFO: Driver [C:\Users\sebar\.wdm\drivers\chromedriver\win64\144.0.7559.133\chromedriver-win32/THIRD_PARTY_NOTICES.chromedriver] found in cache
[2026-02-07 20:36:13,680] ERROR: [Chiletrabajos] Error iniciando Chrome: [WinError 193] %1 no es una aplicación Win32 válida
[2026-02-07 20:36:13,681] WARNING:   [ERROR] Error iniciando navegador
[2026-02-07 20:36:15,682] INFO: ====== WebDriver manager ======
[2026-02-07 20:36:16,290] INFO: Get LATEST chromedriver version for google-chrome
[2026-02-07 20:36:16,579] INFO: Get LATEST chromedriver version for google-chrome
[2026-02-07 20:36:16,873] INFO: Driver [C:\Users\sebar\.wdm\drivers\chromedriver\win64\144.0.7559.133\chromedriver-win32/THIRD_PARTY_NOTICES.chromedriver] found in cache
[2026-02-07 20:36:16,874] ERROR: [Chiletrabajos] Error iniciando Chrome: [WinError 193] %1 no es una aplicación Win32 válida
[2026-02-07 20:36:16,874] WARNING:   [ERROR] Error iniciando navegador
[2026-02-07 20:36:18,875] INFO: ====== WebDriver manager ======
[2026-02-07 20:36:19,467] INFO: Get LATEST chromedriver version for google-chrome
[2026-02-07 20:36:19,752] INFO: Get LATEST chromedriver version for google-chrome
[2026-02-07 20:36:20,035] INFO: Driver [C:\Users\sebar\.wdm\drivers\chromedriver\win64\144.0.7559.133\chromedriver-win32/THIRD_PARTY_NOTICES.chromedriver] found in cache
[2026-02-07 20:36:20,037] ERROR: [Chiletrabajos] Error iniciando Chrome: [WinError 193] %1 no es una aplicación Win32 válida
[2026-02-07 20:36:20,037] WARNING:   [ERROR] Error iniciando navegador
[2026-02-07 20:36:22,037] INFO: ====== WebDriver manager ======
[2026-02-07 20:36:22,623] INFO: Get LATEST chromedriver version for google-chrome
[2026-02-07 20:36:22,907] INFO: Get LATEST chromedriver version for google-chrome
[2026-02-07 20:36:23,193] INFO: Driver [C:\Users\sebar\.wdm\drivers\chromedriver\win64\144.0.7559.133\chromedriver-win32/THIRD_PARTY_NOTICES.chromedriver] found in cache
[2026-02-07 20:36:23,194] ERROR: [Chiletrabajos] Error iniciando Chrome: [WinError 193] %1 no es una aplicación Win32 válida
[2026-02-07 20:36:23,194] WARNING:   [ERROR] Error iniciando navegador
[2026-02-07 20:36:25,195] INFO: 
[SCRAPING] TRABAJANDO...
[2026-02-07 20:36:25,195] INFO: ====== WebDriver manager ======
[2026-02-07 20:36:25,822] INFO: Get LATEST chromedriver version for google-chrome
[2026-02-07 20:36:26,110] INFO: Get LATEST chromedriver version for google-chrome
[2026-02-07 20:36:26,395] INFO: Driver [C:\Users\sebar\.wdm\drivers\chromedriver\win64\144.0.7559.133\chromedriver-win32/THIRD_PARTY_NOTICES.chromedriver] found in cache
[2026-02-07 20:36:26,397] ERROR: [Trabajando.cl] Error iniciando Chrome: [WinError 193] %1 no es una aplicación Win32 válida
[2026-02-07 20:36:26,397] WARNING:   [ERROR] Error iniciando navegador
[2026-02-07 20:36:28,398] INFO: ====== WebDriver manager ======
[2026-02-07 20:36:28,998] INFO: Get LATEST chromedriver version for google-chrome
[2026-02-07 20:36:29,287] INFO: Get LATEST chromedriver version for google-chrome
[2026-02-07 20:36:29,577] INFO: Driver [C:\Users\sebar\.wdm\drivers\chromedriver\win64\144.0.7559.133\chromedriver-win32/THIRD_PARTY_NOTICES.chromedriver] found in cache
[2026-02-07 20:36:29,578] ERROR: [Trabajando.cl] Error iniciando Chrome: [WinError 193] %1 no es una aplicación Win32 válida
[2026-02-07 20:36:29,578] WARNING:   [ERROR] Error iniciando navegador
[2026-02-07 20:36:31,285] INFO: Conexión a BD cerrada
[2026-02-07 20:39:24,175] INFO: [INIT] Chrome encontrado en: C:\Program Files\Google\Chrome\Application\chrome.exe
[2026-02-07 20:39:24,176] INFO: ================================================================================
[2026-02-07 20:39:24,176] INFO: INICIANDO JOBSPEED - SPRINT 2
[2026-02-07 20:39:24,176] INFO: Timestamp: 2026-02-07 20:39:24
[2026-02-07 20:39:24,176] INFO: ================================================================================
[2026-02-07 20:39:24,176] INFO: 
[0/4] Conectando a Base de Datos...
[2026-02-07 20:39:24,177] INFO: Conectado a BD: data\jobspeed.db
[2026-02-07 20:39:24,177] INFO: [OK] Usuario conectado: Sebastian Alejandro Alvarez Aravena
[2026-02-07 20:39:24,177] INFO:   Carrera: Ingeniería en Informática
[2026-02-07 20:39:24,177] INFO:   Ubicación: Santiago, Chile
[2026-02-07 20:39:24,177] INFO: 
[1/4] Iniciando Multi-Source Collector (LinkedIn + Chiletrabajos + Trabajando + Indeed)...
[2026-02-07 20:39:24,177] INFO: 
  [1a] Recolectando de LinkedIn con Selenium...
[2026-02-07 20:39:24,177] INFO: [COLLECTOR] Iniciando extraccion de links: 'python developer' (Chile) -> 15
[2026-02-07 20:39:24,178] INFO: [COLLECTOR] Iniciando navegador Chrome...
[2026-02-07 20:39:24,178] INFO: ====== WebDriver manager ======
[2026-02-07 20:39:24,812] INFO: Get LATEST chromedriver version for google-chrome
[2026-02-07 20:39:25,117] INFO: Get LATEST chromedriver version for google-chrome
[2026-02-07 20:39:25,402] INFO: Driver [C:\Users\sebar\.wdm\drivers\chromedriver\win64\144.0.7559.133\chromedriver-win32/THIRD_PARTY_NOTICES.chromedriver] found in cache
[2026-02-07 20:39:27,244] INFO: [COLLECTOR] Navegador iniciado
[2026-02-07 20:39:27,244] INFO: [COLLECTOR] Accediendo a LinkedIn: https://www.linkedin.com/jobs/search/?keywords=python%20developer&location=Chile
[2026-02-07 20:39:31,497] INFO: [COLLECTOR] Scrolling para cargar ofertas...
[2026-02-07 20:39:34,024] INFO: [COLLECTOR] Extrayendo enlaces...
[2026-02-07 20:39:34,363] INFO: [COLLECTOR] Total enlaces extraidos: 15
[2026-02-07 20:39:34,364] INFO: [COLLECTOR] Total ofertas procesadas: 15
[2026-02-07 20:39:34,364] INFO: [COLLECTOR] Cerrando navegador Chrome...
[2026-02-07 20:39:40,760] INFO: [COLLECTOR] Deduplicacion: 15 enlaces unicos
[2026-02-07 20:39:40,760] INFO:   [OK] 15 ofertas de LinkedIn extraídas
[2026-02-07 20:39:40,760] INFO: 
  [1b] Recolectando de plataformas chilenas/latinas con Selenium (navegador real)...
[2026-02-07 20:39:40,760] INFO: ================================================================================
[2026-02-07 20:39:40,760] INFO: INICIANDO SCRAPING CON SELENIUM (NAVEGADOR REAL)
[2026-02-07 20:39:40,760] INFO: ================================================================================
[2026-02-07 20:39:40,760] INFO: 
[SCRAPING] CHILETRABAJOS...
[2026-02-07 20:39:40,760] INFO: ====== WebDriver manager ======
[2026-02-07 20:39:41,345] INFO: Get LATEST chromedriver version for google-chrome
[2026-02-07 20:39:41,630] INFO: Get LATEST chromedriver version for google-chrome
[2026-02-07 20:39:41,913] INFO: Driver [C:\Users\sebar\.wdm\drivers\chromedriver\win64\144.0.7559.133\chromedriver-win32/THIRD_PARTY_NOTICES.chromedriver] found in cache
[2026-02-07 20:39:43,148] INFO: [Chiletrabajos] Navegador Chrome inicializado
[2026-02-07 20:39:43,148] INFO: [Chiletrabajos] Abriendo: https://www.chiletrabajos.cl/?s=python developer&l=santiago
[2026-02-07 20:39:48,172] INFO: [Chiletrabajos] Encontradas 10 tarjetas de ofertas
[2026-02-07 20:39:50,578] INFO: [Chiletrabajos] Navegador cerrado
[2026-02-07 20:39:50,578] INFO: [Chiletrabajos] 10 ofertas extraídas
[2026-02-07 20:39:50,578] INFO:   [OK] 10 ofertas extraídas
[2026-02-07 20:39:52,579] INFO: ====== WebDriver manager ======
[2026-02-07 20:39:53,238] INFO: Get LATEST chromedriver version for google-chrome
[2026-02-07 20:39:53,568] INFO: Get LATEST chromedriver version for google-chrome
[2026-02-07 20:39:53,860] INFO: Driver [C:\Users\sebar\.wdm\drivers\chromedriver\win64\144.0.7559.133\chromedriver-win32/THIRD_PARTY_NOTICES.chromedriver] found in cache
[2026-02-07 20:39:59,167] INFO: [Chiletrabajos] Navegador Chrome inicializado
[2026-02-07 20:39:59,167] INFO: [Chiletrabajos] Abriendo: https://www.chiletrabajos.cl/?s=python developer&l=chile
[2026-02-07 20:40:04,202] INFO: [INIT] Chrome encontrado en: C:\Program Files\Google\Chrome\Application\chrome.exe
[2026-02-07 20:40:04,202] INFO: ================================================================================
[2026-02-07 20:40:04,202] INFO: INICIANDO JOBSPEED - SPRINT 2
[2026-02-07 20:40:04,202] INFO: Timestamp: 2026-02-07 20:40:04
[2026-02-07 20:40:04,202] INFO: ================================================================================
[2026-02-07 20:40:04,202] INFO: 
[0/4] Conectando a Base de Datos...
[2026-02-07 20:40:04,203] INFO: Conectado a BD: data\jobspeed.db
[2026-02-07 20:40:04,204] INFO: [OK] Usuario conectado: Sebastian Alejandro Alvarez Aravena
[2026-02-07 20:40:04,204] INFO:   Carrera: Ingeniería en Informática
[2026-02-07 20:40:04,204] INFO:   Ubicación: Santiago, Chile
[2026-02-07 20:40:04,204] INFO: 
[1/4] Iniciando Multi-Source Collector (LinkedIn + Chiletrabajos + Trabajando + Indeed)...
[2026-02-07 20:40:04,204] INFO: 
  [1a] Recolectando de LinkedIn con Selenium...
[2026-02-07 20:40:04,204] INFO: [COLLECTOR] Iniciando extraccion de links: 'python developer' (Chile) -> 15
[2026-02-07 20:40:04,204] INFO: [COLLECTOR] Iniciando navegador Chrome...
[2026-02-07 20:40:04,204] INFO: ====== WebDriver manager ======
[2026-02-07 20:40:04,462] INFO: [Chiletrabajos] Encontradas 10 tarjetas de ofertas
[2026-02-07 20:40:04,905] INFO: Get LATEST chromedriver version for google-chrome
[2026-02-07 20:40:05,202] INFO: Get LATEST chromedriver version for google-chrome
[2026-02-07 20:40:05,489] INFO: Driver [C:\Users\sebar\.wdm\drivers\chromedriver\win64\144.0.7559.133\chromedriver-win32/THIRD_PARTY_NOTICES.chromedriver] found in cache
[2026-02-07 20:40:06,517] INFO: [COLLECTOR] Navegador iniciado
[2026-02-07 20:40:06,517] INFO: [COLLECTOR] Accediendo a LinkedIn: https://www.linkedin.com/jobs/search/?keywords=python%20developer&location=Chile
[2026-02-07 20:40:06,946] INFO: [Chiletrabajos] Navegador cerrado
[2026-02-07 20:40:06,946] INFO: [Chiletrabajos] 10 ofertas extraídas
[2026-02-07 20:40:06,946] INFO:   [OK] 10 ofertas extraídas
[2026-02-07 20:40:08,947] INFO: ====== WebDriver manager ======
[2026-02-07 20:40:09,546] INFO: Get LATEST chromedriver version for google-chrome
[2026-02-07 20:40:09,840] INFO: Get LATEST chromedriver version for google-chrome
[2026-02-07 20:40:10,127] INFO: Driver [C:\Users\sebar\.wdm\drivers\chromedriver\win64\144.0.7559.133\chromedriver-win32/THIRD_PARTY_NOTICES.chromedriver] found in cache
[2026-02-07 20:40:11,082] INFO: [COLLECTOR] Scrolling para cargar ofertas...
[2026-02-07 20:40:13,618] INFO: [COLLECTOR] Extrayendo enlaces...
[2026-02-07 20:40:13,845] INFO: [COLLECTOR] Total enlaces extraidos: 15
[2026-02-07 20:40:13,845] INFO: [COLLECTOR] Total ofertas procesadas: 15
[2026-02-07 20:40:13,845] INFO: [COLLECTOR] Cerrando navegador Chrome...
[2026-02-07 20:40:15,441] INFO: [Chiletrabajos] Navegador Chrome inicializado
[2026-02-07 20:40:15,441] INFO: [Chiletrabajos] Abriendo: https://www.chiletrabajos.cl/?s=python&l=santiago
[2026-02-07 20:40:20,224] INFO: [COLLECTOR] Deduplicacion: 15 enlaces unicos
[2026-02-07 20:40:20,224] INFO:   [OK] 15 ofertas de LinkedIn extraídas
[2026-02-07 20:40:20,224] INFO: 
  [1b] Recolectando de plataformas chilenas/latinas con Selenium (navegador real)...
[2026-02-07 20:40:20,224] INFO: ================================================================================
[2026-02-07 20:40:20,224] INFO: INICIANDO SCRAPING CON SELENIUM (NAVEGADOR REAL)
[2026-02-07 20:40:20,224] INFO: ================================================================================
[2026-02-07 20:40:20,224] INFO: 
[SCRAPING] CHILETRABAJOS...
[2026-02-07 20:40:20,224] INFO: ====== WebDriver manager ======
[2026-02-07 20:40:20,489] INFO: [Chiletrabajos] Encontradas 10 tarjetas de ofertas
[2026-02-07 20:40:20,862] INFO: Get LATEST chromedriver version for google-chrome
[2026-02-07 20:40:21,162] INFO: Get LATEST chromedriver version for google-chrome
[2026-02-07 20:40:21,450] INFO: Driver [C:\Users\sebar\.wdm\drivers\chromedriver\win64\144.0.7559.133\chromedriver-win32/THIRD_PARTY_NOTICES.chromedriver] found in cache
[2026-02-07 20:40:22,680] INFO: [Chiletrabajos] Navegador Chrome inicializado
[2026-02-07 20:40:22,680] INFO: [Chiletrabajos] Abriendo: https://www.chiletrabajos.cl/?s=python developer&l=santiago
[2026-02-07 20:40:22,940] INFO: [Chiletrabajos] Navegador cerrado
[2026-02-07 20:40:22,940] INFO: [Chiletrabajos] 10 ofertas extraídas
[2026-02-07 20:40:22,940] INFO:   [OK] 10 ofertas extraídas
[2026-02-07 20:40:24,941] INFO: ====== WebDriver manager ======
[2026-02-07 20:40:25,543] INFO: Get LATEST chromedriver version for google-chrome
[2026-02-07 20:40:25,832] INFO: Get LATEST chromedriver version for google-chrome
[2026-02-07 20:40:26,121] INFO: Driver [C:\Users\sebar\.wdm\drivers\chromedriver\win64\144.0.7559.133\chromedriver-win32/THIRD_PARTY_NOTICES.chromedriver] found in cache
[2026-02-07 20:40:31,443] INFO: [Chiletrabajos] Navegador Chrome inicializado
[2026-02-07 20:40:31,443] INFO: [Chiletrabajos] Abriendo: https://www.chiletrabajos.cl/?s=python&l=chile
[2026-02-07 20:40:34,872] INFO: [Chiletrabajos] Encontradas 10 tarjetas de ofertas
[2026-02-07 20:40:36,694] INFO: [Chiletrabajos] Encontradas 10 tarjetas de ofertas
[2026-02-07 20:40:37,282] INFO: [Chiletrabajos] Navegador cerrado
[2026-02-07 20:40:37,282] INFO: [Chiletrabajos] 10 ofertas extraídas
[2026-02-07 20:40:37,282] INFO:   [OK] 10 ofertas extraídas
[2026-02-07 20:40:39,097] INFO: [Chiletrabajos] Navegador cerrado
[2026-02-07 20:40:39,097] INFO: [Chiletrabajos] 10 ofertas extraídas
[2026-02-07 20:40:39,097] INFO:   [OK] 10 ofertas extraídas
[2026-02-07 20:40:39,283] INFO: ====== WebDriver manager ======
[2026-02-07 20:40:39,889] INFO: Get LATEST chromedriver version for google-chrome
[2026-02-07 20:40:40,181] INFO: Get LATEST chromedriver version for google-chrome
[2026-02-07 20:40:40,472] INFO: Driver [C:\Users\sebar\.wdm\drivers\chromedriver\win64\144.0.7559.133\chromedriver-win32/THIRD_PARTY_NOTICES.chromedriver] found in cache
[2026-02-07 20:40:41,098] INFO: 
[SCRAPING] TRABAJANDO...
[2026-02-07 20:40:41,098] INFO: ====== WebDriver manager ======
[2026-02-07 20:40:41,802] INFO: Get LATEST chromedriver version for google-chrome
[2026-02-07 20:40:42,122] INFO: Get LATEST chromedriver version for google-chrome
[2026-02-07 20:40:42,412] INFO: Driver [C:\Users\sebar\.wdm\drivers\chromedriver\win64\144.0.7559.133\chromedriver-win32/THIRD_PARTY_NOTICES.chromedriver] found in cache
[2026-02-07 20:40:43,677] INFO: [Trabajando.cl] Navegador Chrome inicializado
[2026-02-07 20:40:43,678] INFO: [Trabajando.cl] Abriendo: https://www.trabajando.cl/jobs?search=python developer&location=santiago
[2026-02-07 20:40:45,813] INFO: [Chiletrabajos] Navegador Chrome inicializado
[2026-02-07 20:40:45,813] INFO: [Chiletrabajos] Abriendo: https://www.chiletrabajos.cl/?s=python developer&l=chile
[2026-02-07 20:41:31,255] INFO: [Chiletrabajos] Encontradas 10 tarjetas de ofertas
[2026-02-07 20:41:33,676] INFO: [Chiletrabajos] Navegador cerrado
[2026-02-07 20:41:33,676] INFO: [Chiletrabajos] 10 ofertas extraídas
[2026-02-07 20:41:33,676] INFO:   [OK] 10 ofertas extraídas
[2026-02-07 20:41:35,676] INFO: ====== WebDriver manager ======
[2026-02-07 20:41:36,274] INFO: Get LATEST chromedriver version for google-chrome
[2026-02-07 20:41:36,562] INFO: Get LATEST chromedriver version for google-chrome
[2026-02-07 20:41:36,848] INFO: Driver [C:\Users\sebar\.wdm\drivers\chromedriver\win64\144.0.7559.133\chromedriver-win32/THIRD_PARTY_NOTICES.chromedriver] found in cache
[2026-02-07 20:41:37,426] INFO: [Trabajando.cl] Encontradas 0 ofertas
[2026-02-07 20:41:39,547] INFO: [Trabajando.cl] Navegador cerrado
[2026-02-07 20:41:39,547] INFO: [Trabajando.cl] 0 ofertas extraídas
[2026-02-07 20:41:39,547] WARNING:   [ERROR] 0 ofertas extraídas
[2026-02-07 20:41:41,548] INFO: ====== WebDriver manager ======
[2026-02-07 20:41:42,179] INFO: [Chiletrabajos] Navegador Chrome inicializado
[2026-02-07 20:41:42,179] INFO: [Chiletrabajos] Abriendo: https://www.chiletrabajos.cl/?s=python&l=santiago
[2026-02-07 20:41:42,181] INFO: Get LATEST chromedriver version for google-chrome
[2026-02-07 20:41:42,473] INFO: Get LATEST chromedriver version for google-chrome
[2026-02-07 20:41:42,766] INFO: Driver [C:\Users\sebar\.wdm\drivers\chromedriver\win64\144.0.7559.133\chromedriver-win32/THIRD_PARTY_NOTICES.chromedriver] found in cache
[2026-02-07 20:41:48,093] INFO: [Trabajando.cl] Navegador Chrome inicializado
[2026-02-07 20:41:48,094] INFO: [Trabajando.cl] Abriendo: https://www.trabajando.cl/jobs?search=python developer&location=chile
[2026-02-07 20:42:08,054] INFO: [Trabajando.cl] Encontradas 0 ofertas
[2026-02-07 20:42:10,182] INFO: [Trabajando.cl] Navegador cerrado
[2026-02-07 20:42:10,182] INFO: [Trabajando.cl] 0 ofertas extraídas
[2026-02-07 20:42:10,182] WARNING:   [ERROR] 0 ofertas extraídas
[2026-02-07 20:42:12,182] INFO: ====== WebDriver manager ======
[2026-02-07 20:42:12,876] INFO: Get LATEST chromedriver version for google-chrome
[2026-02-07 20:42:13,169] INFO: Get LATEST chromedriver version for google-chrome
[2026-02-07 20:42:13,464] INFO: Driver [C:\Users\sebar\.wdm\drivers\chromedriver\win64\144.0.7559.133\chromedriver-win32/THIRD_PARTY_NOTICES.chromedriver] found in cache
[2026-02-07 20:42:18,791] INFO: [Trabajando.cl] Navegador Chrome inicializado
[2026-02-07 20:42:18,791] INFO: [Trabajando.cl] Abriendo: https://www.trabajando.cl/jobs?search=python&location=santiago
[2026-02-07 20:42:22,507] INFO: [Trabajando.cl] Encontradas 0 ofertas
[2026-02-07 20:42:24,615] INFO: [Trabajando.cl] Navegador cerrado
[2026-02-07 20:42:24,615] INFO: [Trabajando.cl] 0 ofertas extraídas
[2026-02-07 20:42:24,615] WARNING:   [ERROR] 0 ofertas extraídas
[2026-02-07 20:42:26,616] INFO: ====== WebDriver manager ======
[2026-02-07 20:42:27,209] INFO: Get LATEST chromedriver version for google-chrome
[2026-02-07 20:42:27,496] INFO: Get LATEST chromedriver version for google-chrome
[2026-02-07 20:42:27,785] INFO: Driver [C:\Users\sebar\.wdm\drivers\chromedriver\win64\144.0.7559.133\chromedriver-win32/THIRD_PARTY_NOTICES.chromedriver] found in cache
[2026-02-07 20:42:33,114] INFO: [Trabajando.cl] Navegador Chrome inicializado
[2026-02-07 20:42:33,114] INFO: [Trabajando.cl] Abriendo: https://www.trabajando.cl/jobs?search=python&location=chile
[2026-02-07 20:42:36,475] INFO: [INIT] Chrome encontrado en: C:\Program Files\Google\Chrome\Application\chrome.exe
[2026-02-07 20:42:36,475] INFO: ================================================================================
[2026-02-07 20:42:36,476] INFO: INICIANDO JOBSPEED - SPRINT 2
[2026-02-07 20:42:36,476] INFO: Timestamp: 2026-02-07 20:42:36
[2026-02-07 20:42:36,476] INFO: ================================================================================
[2026-02-07 20:42:36,476] INFO: 
[0/4] Conectando a Base de Datos...
[2026-02-07 20:42:36,477] INFO: Conectado a BD: data\jobspeed.db
[2026-02-07 20:42:36,477] INFO: [OK] Usuario conectado: Sebastian Alejandro Alvarez Aravena
[2026-02-07 20:42:36,478] INFO:   Carrera: Ingeniería en Informática
[2026-02-07 20:42:36,478] INFO:   Ubicación: Santiago, Chile
[2026-02-07 20:42:36,478] INFO: 
[1/4] Iniciando Multi-Source Collector (LinkedIn + Chiletrabajos + Trabajando + Indeed)...
[2026-02-07 20:42:36,478] INFO: 
  [1a] Recolectando de LinkedIn con Selenium...
[2026-02-07 20:42:36,478] INFO: [COLLECTOR] Iniciando extraccion de links: 'python developer' (Chile) -> 15
[2026-02-07 20:42:36,478] INFO: [COLLECTOR] Iniciando navegador Chrome...
[2026-02-07 20:42:36,478] INFO: ====== WebDriver manager ======
[2026-02-07 20:42:36,802] WARNING: [Trabajando.cl] Error: Message: invalid session id: session deleted as the browser has closed the connection
from disconnected: not connected to DevTools
  (Session info: chrome=144.0.7559.133)
Stacktrace:
Symbols not available. Dumping unresolved backtrace:
	0x7ff7db0ef3d5
	0x7ff7db0ef430
	0x7ff7dae910bd
	0x7ff7dae7c642
	0x7ff7daea29cb
	0x7ff7daf1d500
	0x7ff7daf39652
	0x7ff7daedcb0c
	0x7ff7daedda53
	0x7ff7db3cb470
	0x7ff7db3c586d
	0x7ff7db3e621a
	0x7ff7db10b235
	0x7ff7db113a5c
	0x7ff7db0f8844
	0x7ff7db0f89f6
	0x7ff7db0deb87
	0x7fffd62e7374
	0x7fffd79bcc91

[2026-02-07 20:42:37,106] INFO: Get LATEST chromedriver version for google-chrome
[2026-02-07 20:42:37,401] INFO: Get LATEST chromedriver version for google-chrome
[2026-02-07 20:42:37,702] INFO: Driver [C:\Users\sebar\.wdm\drivers\chromedriver\win64\144.0.7559.133\chromedriver-win32/THIRD_PARTY_NOTICES.chromedriver] found in cache
[2026-02-07 20:42:38,716] INFO: [COLLECTOR] Navegador iniciado
[2026-02-07 20:42:38,716] INFO: [COLLECTOR] Accediendo a LinkedIn: https://www.linkedin.com/jobs/search/?keywords=python%20developer&location=Chile
[2026-02-07 20:42:38,865] INFO: [Trabajando.cl] Navegador cerrado
[2026-02-07 20:42:38,865] INFO: [Trabajando.cl] 0 ofertas extraídas
[2026-02-07 20:42:38,865] WARNING:   [ERROR] 0 ofertas extraídas
[2026-02-07 20:42:40,866] INFO: 
[SCRAPING] INDEED...
[2026-02-07 20:42:40,866] INFO: ====== WebDriver manager ======
[2026-02-07 20:42:41,477] INFO: Get LATEST chromedriver version for google-chrome
[2026-02-07 20:42:41,766] INFO: Get LATEST chromedriver version for google-chrome
[2026-02-07 20:42:42,057] INFO: Driver [C:\Users\sebar\.wdm\drivers\chromedriver\win64\144.0.7559.133\chromedriver-win32/THIRD_PARTY_NOTICES.chromedriver] found in cache
[2026-02-07 20:42:42,927] INFO: [COLLECTOR] Scrolling para cargar ofertas...
[2026-02-07 20:42:43,279] INFO: [Indeed] Navegador Chrome inicializado
[2026-02-07 20:42:43,279] INFO: [Indeed] Abriendo: https://indeed.com/jobs?q=python developer&l=santiago
[2026-02-07 20:42:45,459] INFO: [COLLECTOR] Extrayendo enlaces...
[2026-02-07 20:42:45,707] INFO: [COLLECTOR] Total enlaces extraidos: 15
[2026-02-07 20:42:45,707] INFO: [COLLECTOR] Total ofertas procesadas: 15
[2026-02-07 20:42:45,707] INFO: [COLLECTOR] Cerrando navegador Chrome...
[2026-02-07 20:42:48,779] INFO: [Indeed] Encontradas 0 ofertas
[2026-02-07 20:42:51,139] INFO: [Indeed] Navegador cerrado
[2026-02-07 20:42:51,139] INFO: [Indeed] 0 ofertas extraídas
[2026-02-07 20:42:51,139] WARNING:   [ERROR] 0 ofertas extraídas
[2026-02-07 20:42:52,104] INFO: [COLLECTOR] Deduplicacion: 15 enlaces unicos
[2026-02-07 20:42:52,104] INFO:   [OK] 15 ofertas de LinkedIn extraídas
[2026-02-07 20:42:52,104] INFO: 
  [1b] Recolectando de plataformas chilenas/latinas con Selenium (navegador real)...
[2026-02-07 20:42:52,105] INFO: ================================================================================
[2026-02-07 20:42:52,105] INFO: INICIANDO SCRAPING CON SELENIUM (NAVEGADOR REAL)
[2026-02-07 20:42:52,105] INFO: ================================================================================
[2026-02-07 20:42:52,105] INFO: 
[SCRAPING] CHILETRABAJOS...
[2026-02-07 20:42:52,105] INFO: ====== WebDriver manager ======
[2026-02-07 20:42:52,696] INFO: Get LATEST chromedriver version for google-chrome
[2026-02-07 20:42:52,984] INFO: Get LATEST chromedriver version for google-chrome
[2026-02-07 20:42:53,140] INFO: ====== WebDriver manager ======
[2026-02-07 20:42:53,274] INFO: Driver [C:\Users\sebar\.wdm\drivers\chromedriver\win64\144.0.7559.133\chromedriver-win32/THIRD_PARTY_NOTICES.chromedriver] found in cache
[2026-02-07 20:42:53,744] INFO: Get LATEST chromedriver version for google-chrome
[2026-02-07 20:42:54,034] INFO: Get LATEST chromedriver version for google-chrome
[2026-02-07 20:42:54,402] INFO: Driver [C:\Users\sebar\.wdm\drivers\chromedriver\win64\144.0.7559.133\chromedriver-win32/THIRD_PARTY_NOTICES.chromedriver] found in cache
[2026-02-07 20:42:54,521] INFO: [Chiletrabajos] Navegador Chrome inicializado
[2026-02-07 20:42:54,521] INFO: [Chiletrabajos] Abriendo: https://www.chiletrabajos.cl/?s=python developer&l=santiago
[2026-02-07 20:42:59,714] INFO: [Indeed] Navegador Chrome inicializado
[2026-02-07 20:42:59,714] INFO: [Indeed] Abriendo: https://indeed.com/jobs?q=python developer&l=chile
[2026-02-07 20:43:04,980] INFO: [Chiletrabajos] Encontradas 10 tarjetas de ofertas
[2026-02-07 20:43:06,177] INFO: [Indeed] Encontradas 0 ofertas
[2026-02-07 20:43:07,377] INFO: [Chiletrabajos] Navegador cerrado
[2026-02-07 20:43:07,377] INFO: [Chiletrabajos] 10 ofertas extraídas
[2026-02-07 20:43:07,377] INFO:   [OK] 10 ofertas extraídas
[2026-02-07 20:43:08,295] INFO: [Indeed] Navegador cerrado
[2026-02-07 20:43:08,295] INFO: [Indeed] 0 ofertas extraídas
[2026-02-07 20:43:08,295] WARNING:   [ERROR] 0 ofertas extraídas
[2026-02-07 20:43:09,378] INFO: ====== WebDriver manager ======
[2026-02-07 20:43:09,971] INFO: Get LATEST chromedriver version for google-chrome
[2026-02-07 20:43:10,257] INFO: Get LATEST chromedriver version for google-chrome
[2026-02-07 20:43:10,296] INFO: ====== WebDriver manager ======
[2026-02-07 20:43:10,550] INFO: Driver [C:\Users\sebar\.wdm\drivers\chromedriver\win64\144.0.7559.133\chromedriver-win32/THIRD_PARTY_NOTICES.chromedriver] found in cache
[2026-02-07 20:43:10,925] INFO: Get LATEST chromedriver version for google-chrome
[2026-02-07 20:43:11,212] INFO: Get LATEST chromedriver version for google-chrome
[2026-02-07 20:43:11,534] INFO: Driver [C:\Users\sebar\.wdm\drivers\chromedriver\win64\144.0.7559.133\chromedriver-win32/THIRD_PARTY_NOTICES.chromedriver] found in cache
[2026-02-07 20:43:15,857] INFO: [Chiletrabajos] Navegador Chrome inicializado
[2026-02-07 20:43:15,857] INFO: [Chiletrabajos] Abriendo: https://www.chiletrabajos.cl/?s=python developer&l=chile
[2026-02-07 20:43:16,928] INFO: [Indeed] Navegador Chrome inicializado
[2026-02-07 20:43:16,928] INFO: [Indeed] Abriendo: https://indeed.com/jobs?q=python&l=santiago
[2026-02-07 20:43:21,161] INFO: [Chiletrabajos] Encontradas 10 tarjetas de ofertas
[2026-02-07 20:43:22,843] INFO: [Indeed] Encontradas 0 ofertas
[2026-02-07 20:43:23,554] INFO: [Chiletrabajos] Navegador cerrado
[2026-02-07 20:43:23,554] INFO: [Chiletrabajos] 10 ofertas extraídas
[2026-02-07 20:43:23,554] INFO:   [OK] 10 ofertas extraídas
[2026-02-07 20:43:25,020] INFO: [Indeed] Navegador cerrado
[2026-02-07 20:43:25,020] INFO: [Indeed] 0 ofertas extraídas
[2026-02-07 20:43:25,020] WARNING:   [ERROR] 0 ofertas extraídas
[2026-02-07 20:43:25,555] INFO: ====== WebDriver manager ======
[2026-02-07 20:43:26,162] INFO: Get LATEST chromedriver version for google-chrome
[2026-02-07 20:43:26,451] INFO: Get LATEST chromedriver version for google-chrome
[2026-02-07 20:43:26,738] INFO: Driver [C:\Users\sebar\.wdm\drivers\chromedriver\win64\144.0.7559.133\chromedriver-win32/THIRD_PARTY_NOTICES.chromedriver] found in cache
[2026-02-07 20:43:27,021] INFO: ====== WebDriver manager ======
[2026-02-07 20:43:27,639] INFO: Get LATEST chromedriver version for google-chrome
[2026-02-07 20:43:27,970] INFO: Get LATEST chromedriver version for google-chrome
[2026-02-07 20:43:28,256] INFO: Driver [C:\Users\sebar\.wdm\drivers\chromedriver\win64\144.0.7559.133\chromedriver-win32/THIRD_PARTY_NOTICES.chromedriver] found in cache
[2026-02-07 20:43:32,051] INFO: [Chiletrabajos] Navegador Chrome inicializado
[2026-02-07 20:43:32,051] INFO: [Chiletrabajos] Abriendo: https://www.chiletrabajos.cl/?s=python&l=santiago
[2026-02-07 20:43:33,559] INFO: [Indeed] Navegador Chrome inicializado
[2026-02-07 20:43:33,559] INFO: [Indeed] Abriendo: https://indeed.com/jobs?q=python&l=chile
[2026-02-07 20:43:48,580] INFO: [Indeed] Encontradas 0 ofertas
[2026-02-07 20:43:50,715] INFO: [Indeed] Navegador cerrado
[2026-02-07 20:43:50,715] INFO: [Indeed] 0 ofertas extraídas
[2026-02-07 20:43:50,715] WARNING:   [ERROR] 0 ofertas extraídas
[2026-02-07 20:43:52,716] INFO: 
================================================================================
[2026-02-07 20:43:52,716] INFO: TOTAL OFERTAS EXTRAÍDAS: 40
[2026-02-07 20:43:52,716] INFO: ================================================================================

[2026-02-07 20:43:52,716] INFO:   [OK] 40 ofertas de otras fuentes extraídas
[2026-02-07 20:43:52,717] INFO: 
[2/4] Iniciando Parser...
[2026-02-07 20:43:52,718] INFO: Iniciando procesamiento de 26 ofertas
[2026-02-07 20:43:59,342] INFO: [Chiletrabajos] Encontradas 10 tarjetas de ofertas
[2026-02-07 20:44:01,773] INFO: [Chiletrabajos] Navegador cerrado
[2026-02-07 20:44:01,773] INFO: [Chiletrabajos] 10 ofertas extraídas
[2026-02-07 20:44:01,773] INFO:   [OK] 10 ofertas extraídas
[2026-02-07 20:44:03,774] INFO: ====== WebDriver manager ======
[2026-02-07 20:44:03,794] WARNING: No se pudo acceder a https://cl.linkedin.com/jobs/view/backend-python-developer-scrapy-web-scraping-at-azkait-4344550841, usando datos básicos
[2026-02-07 20:44:03,794] WARNING: Oferta incompleta descartada: Oferta 1
[2026-02-07 20:44:04,366] INFO: Get LATEST chromedriver version for google-chrome
[2026-02-07 20:44:04,658] INFO: Get LATEST chromedriver version for google-chrome
[2026-02-07 20:44:04,944] INFO: Driver [C:\Users\sebar\.wdm\drivers\chromedriver\win64\144.0.7559.133\chromedriver-win32/THIRD_PARTY_NOTICES.chromedriver] found in cache
[2026-02-07 20:44:10,280] INFO: [Chiletrabajos] Navegador Chrome inicializado
[2026-02-07 20:44:10,280] INFO: [Chiletrabajos] Abriendo: https://www.chiletrabajos.cl/?s=python&l=chile
[2026-02-07 20:44:14,876] WARNING: No se pudo acceder a https://cl.linkedin.com/jobs/view/full-stack-engineer-at-dots-4249314551, usando datos básicos
[2026-02-07 20:44:14,876] WARNING: Oferta incompleta descartada: Oferta 2
[2026-02-07 20:44:27,995] INFO: [Chiletrabajos] Encontradas 10 tarjetas de ofertas
[2026-02-07 20:44:30,438] INFO: [Chiletrabajos] Navegador cerrado
[2026-02-07 20:44:30,438] INFO: [Chiletrabajos] 10 ofertas extraídas
[2026-02-07 20:44:30,438] INFO:   [OK] 10 ofertas extraídas
[2026-02-07 20:44:32,439] INFO: 
[SCRAPING] TRABAJANDO...
[2026-02-07 20:44:32,439] INFO: ====== WebDriver manager ======
[2026-02-07 20:44:32,753] WARNING: No se pudo acceder a https://cl.linkedin.com/jobs/view/python-developer-at-perform-4330497081, usando datos básicos
[2026-02-07 20:44:32,753] WARNING: Oferta incompleta descartada: Oferta 13
[2026-02-07 20:44:32,882] WARNING: No se pudo acceder a https://cl.linkedin.com/jobs/view/python-engineer-at-abaqus-4345926810, usando datos básicos
[2026-02-07 20:44:32,882] WARNING: Oferta incompleta descartada: Oferta 14
[2026-02-07 20:44:33,033] INFO: Get LATEST chromedriver version for google-chrome
[2026-02-07 20:44:33,249] WARNING: No se pudo acceder a https://cl.linkedin.com/jobs/view/full-stack-engineer-at-mercado-libre-4354241488, usando datos básicos
[2026-02-07 20:44:33,249] WARNING: Oferta incompleta descartada: Oferta 15
[2026-02-07 20:44:33,318] INFO: Get LATEST chromedriver version for google-chrome
[2026-02-07 20:44:33,651] INFO: Driver [C:\Users\sebar\.wdm\drivers\chromedriver\win64\144.0.7559.133\chromedriver-win32/THIRD_PARTY_NOTICES.chromedriver] found in cache
[2026-02-07 20:44:34,071] WARNING: Oferta incompleta descartada: Asistente administrativo comercial
[2026-02-07 20:44:34,239] WARNING: Oferta incompleta descartada: Recepcionista de Centro de Belleza. Mall.…
[2026-02-07 20:44:34,403] WARNING: Oferta incompleta descartada: Asesor de Isapre
[2026-02-07 20:44:34,576] WARNING: Oferta incompleta descartada: Vendedora Full time DEMARIE
[2026-02-07 20:44:34,756] WARNING: Oferta incompleta descartada: Cajero/a
[2026-02-07 20:44:34,877] INFO: [Trabajando.cl] Navegador Chrome inicializado
[2026-02-07 20:44:34,877] INFO: [Trabajando.cl] Abriendo: https://www.trabajando.cl/jobs?search=python developer&location=santiago
[2026-02-07 20:44:34,928] WARNING: Oferta incompleta descartada: GG.SS Seguridad Privada Ley 21659
[2026-02-07 20:44:35,096] WARNING: Oferta incompleta descartada: Ejecutivo de Admisión
[2026-02-07 20:44:35,260] WARNING: Oferta incompleta descartada: Vendedor/ Envasador Sector Vitacura
[2026-02-07 20:44:35,424] WARNING: Oferta incompleta descartada: Jefe de Oficina Agente Operador
[2026-02-07 20:44:35,588] WARNING: Oferta incompleta descartada: ¡Estamos buscando Asistente Administrativa!
[2026-02-07 20:44:35,754] WARNING: Oferta incompleta descartada: Secretaria Administrativa Judicial
[2026-02-07 20:44:35,754] INFO: [OK] Procesadas 10 ofertas (incompletas eliminadas)
[2026-02-07 20:44:35,754] INFO: [OK] Ofertas procesadas: 10
[2026-02-07 20:44:35,754] INFO: 
[3/4] Calculando Compatibilidad (Match Score + Proximidad)...
[2026-02-07 20:44:35,763] INFO: [OK] Compatibilidad calculada para 10 ofertas
[2026-02-07 20:44:35,763] INFO: 
==========================================================================================
[2026-02-07 20:44:35,763] INFO: RESULTADOS JOBSPEED - RANKING INTELIGENTE
[2026-02-07 20:44:35,763] INFO: ==========================================================================================
[2026-02-07 20:44:35,763] INFO: 
[RECOMENDADOS] - Mayor Compatibilidad Técnica
[2026-02-07 20:44:35,763] INFO: ------------------------------------------------------------------------------------------
[2026-02-07 20:44:35,763] INFO: 
#1. Oferta 5 - N/A
[2026-02-07 20:44:35,763] INFO:     Ubicación: N/A, N/A
[2026-02-07 20:44:35,763] INFO:     Score: 79.0% (Match: 100.0%)
[2026-02-07 20:44:35,763] INFO: 
#2. Oferta 9 - N/A
[2026-02-07 20:44:35,763] INFO:     Ubicación: N/A, N/A
[2026-02-07 20:44:35,763] INFO:     Score: 79.0% (Match: 100.0%)
[2026-02-07 20:44:35,763] INFO: 
#3. Oferta 10 - N/A
[2026-02-07 20:44:35,763] INFO:     Ubicación: N/A, N/A
[2026-02-07 20:44:35,763] INFO:     Score: 79.0% (Match: 100.0%)
[2026-02-07 20:44:35,763] INFO: 
#4. Oferta 11 - N/A
[2026-02-07 20:44:35,763] INFO:     Ubicación: N/A, N/A
[2026-02-07 20:44:35,763] INFO:     Score: 79.0% (Match: 100.0%)
[2026-02-07 20:44:35,763] INFO: 
==========================================================================================
[2026-02-07 20:44:35,763] INFO: 
[4/4] Iniciando Storage...
[2026-02-07 20:44:35,764] WARNING: Columna faltante: source. Agregando con valores N/A
[2026-02-07 20:44:35,765] INFO: CSV existente. Verificando duplicados...
[2026-02-07 20:44:35,771] INFO: [OK] Guardadas 7 nuevas ofertas en C:\Users\sebar\Desktop\Programacion\JobSpeed\data\ofertas.csv
[2026-02-07 20:44:35,784] INFO: Leídas 31 ofertas del CSV
[2026-02-07 20:44:35,785] INFO: [OK] CSV Actualizado. Estadísticas: {'total_ofertas': 31, 'empresas_unicas': 0, 'ciudades_unicas': 0, 'paises_unicos': 0, 'salarios_disponibles': 0}
[2026-02-07 20:44:35,785] INFO: 
================================================================================
[2026-02-07 20:44:35,785] INFO: PIPELINE EJECUTADO EXITOSAMENTE
[2026-02-07 20:44:35,785] INFO: Total de ofertas procesadas: 10
[2026-02-07 20:44:35,785] INFO: Empresas únicas: 0
[2026-02-07 20:44:35,785] INFO: Ciudades: 0
[2026-02-07 20:44:35,785] INFO: Países: 0
[2026-02-07 20:44:35,785] INFO: 
[TOP 3] MEJORES OFERTAS PARA TI:
[2026-02-07 20:44:35,785] INFO:   1. Oferta 5 - Score: 79.0%
[2026-02-07 20:44:35,785] INFO:   2. Oferta 9 - Score: 79.0%
[2026-02-07 20:44:35,785] INFO:   3. Oferta 10 - Score: 79.0%
[2026-02-07 20:44:35,785] INFO: ================================================================================
[2026-02-07 20:44:35,785] INFO: Conexión a BD cerrada
[2026-02-07 20:44:40,602] INFO: [Trabajando.cl] Encontradas 0 ofertas
[2026-02-07 20:44:42,719] INFO: [Trabajando.cl] Navegador cerrado
[2026-02-07 20:44:42,719] INFO: [Trabajando.cl] 0 ofertas extraídas
[2026-02-07 20:44:42,719] WARNING:   [ERROR] 0 ofertas extraídas
[2026-02-07 20:44:44,720] INFO: ====== WebDriver manager ======
[2026-02-07 20:44:45,310] INFO: Get LATEST chromedriver version for google-chrome
[2026-02-07 20:44:45,596] INFO: Get LATEST chromedriver version for google-chrome
[2026-02-07 20:44:45,884] INFO: Driver [C:\Users\sebar\.wdm\drivers\chromedriver\win64\144.0.7559.133\chromedriver-win32/THIRD_PARTY_NOTICES.chromedriver] found in cache
[2026-02-07 20:44:51,225] INFO: [Trabajando.cl] Navegador Chrome inicializado
[2026-02-07 20:44:51,225] INFO: [Trabajando.cl] Abriendo: https://www.trabajando.cl/jobs?search=python developer&location=chile
[2026-02-07 20:44:54,983] INFO: [Trabajando.cl] Encontradas 0 ofertas
[2026-02-07 20:44:57,122] INFO: [Trabajando.cl] Navegador cerrado
[2026-02-07 20:44:57,122] INFO: [Trabajando.cl] 0 ofertas extraídas
[2026-02-07 20:44:57,122] WARNING:   [ERROR] 0 ofertas extraídas
[2026-02-07 20:44:59,123] INFO: ====== WebDriver manager ======
[2026-02-07 20:44:59,718] INFO: Get LATEST chromedriver version for google-chrome
[2026-02-07 20:45:00,002] INFO: Get LATEST chromedriver version for google-chrome
[2026-02-07 20:45:00,284] INFO: Driver [C:\Users\sebar\.wdm\drivers\chromedriver\win64\144.0.7559.133\chromedriver-win32/THIRD_PARTY_NOTICES.chromedriver] found in cache
[2026-02-07 20:45:05,599] INFO: [Trabajando.cl] Navegador Chrome inicializado
[2026-02-07 20:45:05,599] INFO: [Trabajando.cl] Abriendo: https://www.trabajando.cl/jobs?search=python&location=santiago
[2026-02-07 20:45:09,624] INFO: [Trabajando.cl] Encontradas 0 ofertas
[2026-02-07 20:45:11,739] INFO: [Trabajando.cl] Navegador cerrado
[2026-02-07 20:45:11,739] INFO: [Trabajando.cl] 0 ofertas extraídas
[2026-02-07 20:45:11,739] WARNING:   [ERROR] 0 ofertas extraídas
[2026-02-07 20:45:13,740] INFO: ====== WebDriver manager ======
[2026-02-07 20:45:14,327] INFO: Get LATEST chromedriver version for google-chrome
[2026-02-07 20:45:14,613] INFO: Get LATEST chromedriver version for google-chrome
[2026-02-07 20:45:14,897] INFO: Driver [C:\Users\sebar\.wdm\drivers\chromedriver\win64\144.0.7559.133\chromedriver-win32/THIRD_PARTY_NOTICES.chromedriver] found in cache
[2026-02-07 20:45:20,196] INFO: [Trabajando.cl] Navegador Chrome inicializado
[2026-02-07 20:45:20,196] INFO: [Trabajando.cl] Abriendo: https://www.trabajando.cl/jobs?search=python&location=chile
[2026-02-07 20:45:23,903] INFO: [Trabajando.cl] Encontradas 0 ofertas
[2026-02-07 20:45:26,008] INFO: [Trabajando.cl] Navegador cerrado
[2026-02-07 20:45:26,008] INFO: [Trabajando.cl] 0 ofertas extraídas
[2026-02-07 20:45:26,008] WARNING:   [ERROR] 0 ofertas extraídas
[2026-02-07 20:45:28,010] INFO: 
[SCRAPING] INDEED...
[2026-02-07 20:45:28,010] INFO: ====== WebDriver manager ======
[2026-02-07 20:45:28,607] INFO: Get LATEST chromedriver version for google-chrome
[2026-02-07 20:45:28,909] INFO: Get LATEST chromedriver version for google-chrome
[2026-02-07 20:45:29,200] INFO: Driver [C:\Users\sebar\.wdm\drivers\chromedriver\win64\144.0.7559.133\chromedriver-win32/THIRD_PARTY_NOTICES.chromedriver] found in cache
[2026-02-07 20:45:30,445] INFO: [Indeed] Navegador Chrome inicializado
[2026-02-07 20:45:30,445] INFO: [Indeed] Abriendo: https://indeed.com/jobs?q=python developer&l=santiago
[2026-02-07 20:45:35,419] INFO: [Indeed] Encontradas 0 ofertas
[2026-02-07 20:45:37,541] INFO: [Indeed] Navegador cerrado
[2026-02-07 20:45:37,541] INFO: [Indeed] 0 ofertas extraídas
[2026-02-07 20:45:37,541] WARNING:   [ERROR] 0 ofertas extraídas
[2026-02-07 20:45:39,542] INFO: ====== WebDriver manager ======
[2026-02-07 20:45:40,135] INFO: Get LATEST chromedriver version for google-chrome
[2026-02-07 20:45:40,424] INFO: Get LATEST chromedriver version for google-chrome
[2026-02-07 20:45:40,709] INFO: Driver [C:\Users\sebar\.wdm\drivers\chromedriver\win64\144.0.7559.133\chromedriver-win32/THIRD_PARTY_NOTICES.chromedriver] found in cache
[2026-02-07 20:45:46,019] INFO: [Indeed] Navegador Chrome inicializado
[2026-02-07 20:45:46,020] INFO: [Indeed] Abriendo: https://indeed.com/jobs?q=python developer&l=chile
[2026-02-07 20:45:51,199] INFO: [Indeed] Encontradas 0 ofertas
[2026-02-07 20:45:53,319] INFO: [Indeed] Navegador cerrado
[2026-02-07 20:45:53,319] INFO: [Indeed] 0 ofertas extraídas
[2026-02-07 20:45:53,320] WARNING:   [ERROR] 0 ofertas extraídas
[2026-02-07 20:45:55,321] INFO: ====== WebDriver manager ======
[2026-02-07 20:45:55,918] INFO: Get LATEST chromedriver version for google-chrome
[2026-02-07 20:45:56,207] INFO: Get LATEST chromedriver version for google-chrome
[2026-02-07 20:45:56,496] INFO: Driver [C:\Users\sebar\.wdm\drivers\chromedriver\win64\144.0.7559.133\chromedriver-win32/THIRD_PARTY_NOTICES.chromedriver] found in cache
[2026-02-07 20:46:01,798] INFO: [Indeed] Navegador Chrome inicializado
[2026-02-07 20:46:01,798] INFO: [Indeed] Abriendo: https://indeed.com/jobs?q=python&l=santiago
[2026-02-07 20:46:07,144] INFO: [Indeed] Encontradas 0 ofertas
[2026-02-07 20:46:09,265] INFO: [Indeed] Navegador cerrado
[2026-02-07 20:46:09,265] INFO: [Indeed] 0 ofertas extraídas
[2026-02-07 20:46:09,265] WARNING:   [ERROR] 0 ofertas extraídas
[2026-02-07 20:46:11,267] INFO: ====== WebDriver manager ======
[2026-02-07 20:46:11,851] INFO: Get LATEST chromedriver version for google-chrome
[2026-02-07 20:46:12,141] INFO: Get LATEST chromedriver version for google-chrome
[2026-02-07 20:46:12,429] INFO: Driver [C:\Users\sebar\.wdm\drivers\chromedriver\win64\144.0.7559.133\chromedriver-win32/THIRD_PARTY_NOTICES.chromedriver] found in cache
[2026-02-07 20:46:17,751] INFO: [Indeed] Navegador Chrome inicializado
[2026-02-07 20:46:17,751] INFO: [Indeed] Abriendo: https://indeed.com/jobs?q=python&l=chile
[2026-02-07 20:46:23,135] INFO: [Indeed] Encontradas 0 ofertas
[2026-02-07 20:46:25,252] INFO: [Indeed] Navegador cerrado
[2026-02-07 20:46:25,252] INFO: [Indeed] 0 ofertas extraídas
[2026-02-07 20:46:25,252] WARNING:   [ERROR] 0 ofertas extraídas
[2026-02-07 20:46:27,254] INFO: 
================================================================================
[2026-02-07 20:46:27,254] INFO: TOTAL OFERTAS EXTRAÍDAS: 40
[2026-02-07 20:46:27,254] INFO: ================================================================================

[2026-02-07 20:46:27,254] INFO:   [OK] 40 ofertas de otras fuentes extraídas
[2026-02-07 20:46:27,257] INFO: 
[2/4] Iniciando Parser...
[2026-02-07 20:46:27,257] INFO: Iniciando procesamiento de 25 ofertas
[2026-02-07 20:46:33,631] WARNING: No se pudo acceder a https://cl.linkedin.com/jobs/view/full-stack-software-developer-engineer-at-talana-4357671508, usando datos básicos
[2026-02-07 20:46:33,631] WARNING: Oferta incompleta descartada: Oferta 11
[2026-02-07 20:46:33,758] WARNING: No se pudo acceder a https://cl.linkedin.com/jobs/view/full-stack-developer-at-evertec-4368273058, usando datos básicos
[2026-02-07 20:46:33,759] WARNING: Oferta incompleta descartada: Oferta 12
[2026-02-07 20:46:34,118] WARNING: No se pudo acceder a https://cl.linkedin.com/jobs/view/python-developer-at-perform-4330497081, usando datos básicos
[2026-02-07 20:46:34,118] WARNING: Oferta incompleta descartada: Oferta 13
[2026-02-07 20:46:34,478] WARNING: No se pudo acceder a https://cl.linkedin.com/jobs/view/software-engineer-python-ubuntu-pro-client-graduate-level-at-canonical-4233277100, usando datos básicos
[2026-02-07 20:46:34,478] WARNING: Oferta incompleta descartada: Oferta 14
[2026-02-07 20:46:34,836] WARNING: No se pudo acceder a https://cl.linkedin.com/jobs/view/backend-developer-at-ita%C3%BA-chile-4366790931, usando datos básicos
[2026-02-07 20:46:34,836] WARNING: Oferta incompleta descartada: Oferta 15
[2026-02-07 20:46:35,714] WARNING: Oferta incompleta descartada: Vendedor/ Envasador Sector Vitacura
[2026-02-07 20:46:35,889] WARNING: Oferta incompleta descartada: Recepcionista de Centro de Belleza. Mall.…
[2026-02-07 20:46:36,073] WARNING: Oferta incompleta descartada: GG.SS Seguridad Privada Ley 21659
[2026-02-07 20:46:36,250] WARNING: Oferta incompleta descartada: Vendedora Full time DEMARIE
[2026-02-07 20:46:36,427] WARNING: Oferta incompleta descartada: Asistente administrativo comercial
[2026-02-07 20:46:36,602] WARNING: Oferta incompleta descartada: Cajero/a
[2026-02-07 20:46:36,785] WARNING: Oferta incompleta descartada: ¡Estamos buscando Asistente Administrativa!
[2026-02-07 20:46:36,958] WARNING: Oferta incompleta descartada: Jefe de Oficina Agente Operador
[2026-02-07 20:46:37,132] WARNING: Oferta incompleta descartada: Asesor de Isapre
[2026-02-07 20:46:37,310] WARNING: Oferta incompleta descartada: Secretaria Administrativa Judicial
[2026-02-07 20:46:37,311] INFO: [OK] Procesadas 10 ofertas (incompletas eliminadas)
[2026-02-07 20:46:37,311] INFO: [OK] Ofertas procesadas: 10
[2026-02-07 20:46:37,311] INFO: 
[3/4] Calculando Compatibilidad (Match Score + Proximidad)...
[2026-02-07 20:46:37,320] INFO: [OK] Compatibilidad calculada para 10 ofertas
[2026-02-07 20:46:37,320] INFO: 
==========================================================================================
[2026-02-07 20:46:37,320] INFO: RESULTADOS JOBSPEED - RANKING INTELIGENTE
[2026-02-07 20:46:37,320] INFO: ==========================================================================================
[2026-02-07 20:46:37,321] INFO: 
[RECOMENDADOS] - Mayor Compatibilidad Técnica
[2026-02-07 20:46:37,321] INFO: ------------------------------------------------------------------------------------------
[2026-02-07 20:46:37,321] INFO: 
#1. Oferta 1 - N/A
[2026-02-07 20:46:37,321] INFO:     Ubicación: N/A, N/A
[2026-02-07 20:46:37,321] INFO:     Score: 79.0% (Match: 100.0%)
[2026-02-07 20:46:37,321] INFO: 
#2. Oferta 6 - N/A
[2026-02-07 20:46:37,322] INFO:     Ubicación: N/A, N/A
[2026-02-07 20:46:37,322] INFO:     Score: 79.0% (Match: 100.0%)
[2026-02-07 20:46:37,322] INFO: 
#3. Oferta 7 - N/A
[2026-02-07 20:46:37,322] INFO:     Ubicación: N/A, N/A
[2026-02-07 20:46:37,322] INFO:     Score: 79.0% (Match: 100.0%)
[2026-02-07 20:46:37,322] INFO: 
==========================================================================================
[2026-02-07 20:46:37,323] INFO: 
[4/4] Iniciando Storage...
[2026-02-07 20:46:37,324] WARNING: Columna faltante: source. Agregando con valores N/A
[2026-02-07 20:46:37,325] INFO: CSV existente. Verificando duplicados...
[2026-02-07 20:46:37,330] INFO: [OK] Guardadas 3 nuevas ofertas en C:\Users\sebar\Desktop\Programacion\JobSpeed\data\ofertas.csv
[2026-02-07 20:46:37,343] INFO: Leídas 34 ofertas del CSV
[2026-02-07 20:46:37,344] INFO: [OK] CSV Actualizado. Estadísticas: {'total_ofertas': 34, 'empresas_unicas': 0, 'ciudades_unicas': 0, 'paises_unicos': 0, 'salarios_disponibles': 0}
[2026-02-07 20:46:37,344] INFO: 
================================================================================
[2026-02-07 20:46:37,344] INFO: PIPELINE EJECUTADO EXITOSAMENTE
[2026-02-07 20:46:37,345] INFO: Total de ofertas procesadas: 10
[2026-02-07 20:46:37,345] INFO: Empresas únicas: 0
[2026-02-07 20:46:37,345] INFO: Ciudades: 0
[2026-02-07 20:46:37,345] INFO: Países: 0
[2026-02-07 20:46:37,345] INFO: 
[TOP 3] MEJORES OFERTAS PARA TI:
[2026-02-07 20:46:37,345] INFO:   1. Oferta 1 - Score: 79.0%
[2026-02-07 20:46:37,345] INFO:   2. Oferta 6 - Score: 79.0%
[2026-02-07 20:46:37,345] INFO:   3. Oferta 7 - Score: 79.0%
[2026-02-07 20:46:37,346] INFO: ================================================================================
[2026-02-07 20:46:37,346] INFO: Conexión a BD cerrada
[2026-02-07 20:59:02,424] INFO: [INIT] Chrome encontrado en: C:\Program Files\Google\Chrome\Application\chrome.exe
[2026-02-07 20:59:02,424] INFO: ================================================================================
[2026-02-07 20:59:02,425] INFO: INICIANDO JOBSPEED - SPRINT 2
[2026-02-07 20:59:02,425] INFO: Timestamp: 2026-02-07 20:59:02
[2026-02-07 20:59:02,425] INFO: ================================================================================
[2026-02-07 20:59:02,425] INFO: 
[0/4] Conectando a Base de Datos...
[2026-02-07 20:59:02,426] INFO: Conectado a BD: data\jobspeed.db
[2026-02-07 20:59:02,426] INFO: [OK] Usuario conectado: Sebastian Alejandro Alvarez Aravena
[2026-02-07 20:59:02,427] INFO:   Carrera: Ingeniería en Informática
[2026-02-07 20:59:02,427] INFO:   Ubicación: Santiago, Chile
[2026-02-07 20:59:02,427] INFO: 
[1/4] Iniciando Multi-Source Collector (LinkedIn + Chiletrabajos + Trabajando + Indeed)...
[2026-02-07 20:59:02,427] INFO: 
  [1a] Recolectando de LinkedIn con Selenium...
[2026-02-07 20:59:02,427] INFO: [COLLECTOR] Iniciando extraccion de links: 'python developer' (Chile) -> 15
[2026-02-07 20:59:02,427] INFO: [COLLECTOR] Iniciando navegador Chrome...
[2026-02-07 20:59:02,427] INFO: ====== WebDriver manager ======
[2026-02-07 20:59:03,100] INFO: Get LATEST chromedriver version for google-chrome
[2026-02-07 20:59:03,434] INFO: Get LATEST chromedriver version for google-chrome
[2026-02-07 20:59:03,721] INFO: Driver [C:\Users\sebar\.wdm\drivers\chromedriver\win64\144.0.7559.133\chromedriver-win32/THIRD_PARTY_NOTICES.chromedriver] found in cache
[2026-02-07 20:59:04,763] INFO: [COLLECTOR] Navegador iniciado
[2026-02-07 20:59:04,763] INFO: [COLLECTOR] Accediendo a LinkedIn: https://www.linkedin.com/jobs/search/?keywords=python%20developer&location=Chile
[2026-02-07 20:59:09,653] INFO: [COLLECTOR] Scrolling para cargar ofertas...
[2026-02-07 20:59:12,179] INFO: [COLLECTOR] Extrayendo enlaces...
[2026-02-07 20:59:12,408] INFO: [COLLECTOR] Total enlaces extraidos: 15
[2026-02-07 20:59:12,408] INFO: [COLLECTOR] Total ofertas procesadas: 15
[2026-02-07 20:59:12,409] INFO: [COLLECTOR] Cerrando navegador Chrome...
[2026-02-07 20:59:18,826] INFO: [COLLECTOR] Deduplicacion: 15 enlaces unicos
[2026-02-07 20:59:18,826] INFO:   [OK] 15 ofertas de LinkedIn extraídas
[2026-02-07 20:59:18,826] INFO: 
  [1b] Recolectando de plataformas chilenas/latinas con Selenium (navegador real)...
[2026-02-07 20:59:18,826] INFO: ================================================================================
[2026-02-07 20:59:18,827] INFO: INICIANDO SCRAPING CON SELENIUM (NAVEGADOR REAL)
[2026-02-07 20:59:18,827] INFO: ================================================================================
[2026-02-07 20:59:18,827] INFO: 
[SCRAPING] CHILETRABAJOS...
[2026-02-07 20:59:18,827] INFO: ====== WebDriver manager ======
[2026-02-07 20:59:19,486] INFO: Get LATEST chromedriver version for google-chrome
[2026-02-07 20:59:19,769] INFO: Get LATEST chromedriver version for google-chrome
[2026-02-07 20:59:20,062] INFO: Driver [C:\Users\sebar\.wdm\drivers\chromedriver\win64\144.0.7559.133\chromedriver-win32/THIRD_PARTY_NOTICES.chromedriver] found in cache
[2026-02-07 20:59:21,303] INFO: [Chiletrabajos] Navegador Chrome inicializado
[2026-02-07 20:59:21,303] INFO: [Chiletrabajos] Abriendo: https://www.chiletrabajos.cl/?s=python developer&l=santiago
[2026-02-07 20:59:27,496] INFO: [Chiletrabajos] Encontradas 10 tarjetas de ofertas
[2026-02-07 20:59:29,972] INFO: [Chiletrabajos] Navegador cerrado
[2026-02-07 20:59:29,972] INFO: [Chiletrabajos] 10 ofertas extraídas
[2026-02-07 20:59:29,972] INFO:   [OK] 10 ofertas extraídas
[2026-02-07 20:59:31,973] INFO: ====== WebDriver manager ======
[2026-02-07 20:59:32,593] INFO: Get LATEST chromedriver version for google-chrome
[2026-02-07 20:59:32,885] INFO: Get LATEST chromedriver version for google-chrome
[2026-02-07 20:59:33,172] INFO: Driver [C:\Users\sebar\.wdm\drivers\chromedriver\win64\144.0.7559.133\chromedriver-win32/THIRD_PARTY_NOTICES.chromedriver] found in cache
[2026-02-07 20:59:38,480] INFO: [Chiletrabajos] Navegador Chrome inicializado
[2026-02-07 20:59:38,480] INFO: [Chiletrabajos] Abriendo: https://www.chiletrabajos.cl/?s=python developer&l=chile
[2026-02-07 20:59:43,568] INFO: [Chiletrabajos] Encontradas 10 tarjetas de ofertas
[2026-02-07 20:59:45,956] INFO: [Chiletrabajos] Navegador cerrado
[2026-02-07 20:59:45,956] INFO: [Chiletrabajos] 10 ofertas extraídas
[2026-02-07 20:59:45,956] INFO:   [OK] 10 ofertas extraídas
[2026-02-07 20:59:47,957] INFO: ====== WebDriver manager ======
[2026-02-07 20:59:48,543] INFO: Get LATEST chromedriver version for google-chrome
[2026-02-07 20:59:48,829] INFO: Get LATEST chromedriver version for google-chrome
[2026-02-07 20:59:49,113] INFO: Driver [C:\Users\sebar\.wdm\drivers\chromedriver\win64\144.0.7559.133\chromedriver-win32/THIRD_PARTY_NOTICES.chromedriver] found in cache
[2026-02-07 20:59:54,416] INFO: [Chiletrabajos] Navegador Chrome inicializado
[2026-02-07 20:59:54,417] INFO: [Chiletrabajos] Abriendo: https://www.chiletrabajos.cl/?s=python&l=santiago
[2026-02-07 20:59:59,545] INFO: [Chiletrabajos] Encontradas 10 tarjetas de ofertas
[2026-02-07 21:00:01,959] INFO: [Chiletrabajos] Navegador cerrado
[2026-02-07 21:00:01,959] INFO: [Chiletrabajos] 10 ofertas extraídas
[2026-02-07 21:00:01,959] INFO:   [OK] 10 ofertas extraídas
[2026-02-07 21:00:03,960] INFO: ====== WebDriver manager ======
[2026-02-07 21:00:04,544] INFO: Get LATEST chromedriver version for google-chrome
[2026-02-07 21:00:04,834] INFO: Get LATEST chromedriver version for google-chrome
[2026-02-07 21:00:05,117] INFO: Driver [C:\Users\sebar\.wdm\drivers\chromedriver\win64\144.0.7559.133\chromedriver-win32/THIRD_PARTY_NOTICES.chromedriver] found in cache
[2026-02-07 21:00:10,453] INFO: [Chiletrabajos] Navegador Chrome inicializado
[2026-02-07 21:00:10,453] INFO: [Chiletrabajos] Abriendo: https://www.chiletrabajos.cl/?s=python&l=chile
[2026-02-07 21:00:16,137] INFO: [Chiletrabajos] Encontradas 10 tarjetas de ofertas
[2026-02-07 21:00:18,569] INFO: [Chiletrabajos] Navegador cerrado
[2026-02-07 21:00:18,570] INFO: [Chiletrabajos] 10 ofertas extraídas
[2026-02-07 21:00:18,570] INFO:   [OK] 10 ofertas extraídas
[2026-02-07 21:00:20,570] INFO: 
[SCRAPING] TRABAJANDO...
[2026-02-07 21:00:20,570] INFO: ====== WebDriver manager ======
[2026-02-07 21:00:21,162] INFO: Get LATEST chromedriver version for google-chrome
[2026-02-07 21:00:21,486] INFO: Get LATEST chromedriver version for google-chrome
[2026-02-07 21:00:21,772] INFO: Driver [C:\Users\sebar\.wdm\drivers\chromedriver\win64\144.0.7559.133\chromedriver-win32/THIRD_PARTY_NOTICES.chromedriver] found in cache
[2026-02-07 21:00:22,997] INFO: [Trabajando.cl] Navegador Chrome inicializado
[2026-02-07 21:00:22,997] INFO: [Trabajando.cl] Abriendo: https://www.trabajando.cl/jobs?search=python developer&location=santiago
[2026-02-07 21:00:27,301] INFO: [Trabajando.cl] Encontradas 0 ofertas
[2026-02-07 21:00:29,417] INFO: [Trabajando.cl] Navegador cerrado
[2026-02-07 21:00:29,417] INFO: [Trabajando.cl] 0 ofertas extraídas
[2026-02-07 21:00:29,417] WARNING:   [ERROR] 0 ofertas extraídas
[2026-02-07 21:00:31,419] INFO: ====== WebDriver manager ======
[2026-02-07 21:00:32,006] INFO: Get LATEST chromedriver version for google-chrome
[2026-02-07 21:00:32,288] INFO: Get LATEST chromedriver version for google-chrome
[2026-02-07 21:00:32,577] INFO: Driver [C:\Users\sebar\.wdm\drivers\chromedriver\win64\144.0.7559.133\chromedriver-win32/THIRD_PARTY_NOTICES.chromedriver] found in cache
[2026-02-07 21:00:37,876] INFO: [Trabajando.cl] Navegador Chrome inicializado
[2026-02-07 21:00:37,876] INFO: [Trabajando.cl] Abriendo: https://www.trabajando.cl/jobs?search=python developer&location=chile
[2026-02-07 21:00:41,706] INFO: [Trabajando.cl] Encontradas 0 ofertas
[2026-02-07 21:00:43,898] INFO: [Trabajando.cl] Navegador cerrado
[2026-02-07 21:00:43,898] INFO: [Trabajando.cl] 0 ofertas extraídas
[2026-02-07 21:00:43,898] WARNING:   [ERROR] 0 ofertas extraídas
[2026-02-07 21:00:45,900] INFO: ====== WebDriver manager ======
[2026-02-07 21:00:46,484] INFO: Get LATEST chromedriver version for google-chrome
[2026-02-07 21:00:46,770] INFO: Get LATEST chromedriver version for google-chrome
[2026-02-07 21:00:47,054] INFO: Driver [C:\Users\sebar\.wdm\drivers\chromedriver\win64\144.0.7559.133\chromedriver-win32/THIRD_PARTY_NOTICES.chromedriver] found in cache
[2026-02-07 21:00:52,394] INFO: [Trabajando.cl] Navegador Chrome inicializado
[2026-02-07 21:00:52,394] INFO: [Trabajando.cl] Abriendo: https://www.trabajando.cl/jobs?search=python&location=santiago
[2026-02-07 21:00:56,323] INFO: [Trabajando.cl] Encontradas 0 ofertas
[2026-02-07 21:00:58,432] INFO: [Trabajando.cl] Navegador cerrado
[2026-02-07 21:00:58,432] INFO: [Trabajando.cl] 0 ofertas extraídas
[2026-02-07 21:00:58,432] WARNING:   [ERROR] 0 ofertas extraídas
[2026-02-07 21:01:00,433] INFO: ====== WebDriver manager ======
[2026-02-07 21:01:01,041] INFO: Get LATEST chromedriver version for google-chrome
[2026-02-07 21:01:01,335] INFO: Get LATEST chromedriver version for google-chrome
[2026-02-07 21:01:01,620] INFO: Driver [C:\Users\sebar\.wdm\drivers\chromedriver\win64\144.0.7559.133\chromedriver-win32/THIRD_PARTY_NOTICES.chromedriver] found in cache
[2026-02-07 21:01:06,929] INFO: [Trabajando.cl] Navegador Chrome inicializado
[2026-02-07 21:01:06,929] INFO: [Trabajando.cl] Abriendo: https://www.trabajando.cl/jobs?search=python&location=chile
[2026-02-07 21:01:10,845] INFO: [Trabajando.cl] Encontradas 0 ofertas
[2026-02-07 21:01:12,945] INFO: [Trabajando.cl] Navegador cerrado
[2026-02-07 21:01:12,945] INFO: [Trabajando.cl] 0 ofertas extraídas
[2026-02-07 21:01:12,945] WARNING:   [ERROR] 0 ofertas extraídas
[2026-02-07 21:01:14,946] INFO: 
[SCRAPING] INDEED...
[2026-02-07 21:01:14,946] INFO: ====== WebDriver manager ======
[2026-02-07 21:01:15,535] INFO: Get LATEST chromedriver version for google-chrome
[2026-02-07 21:01:15,820] INFO: Get LATEST chromedriver version for google-chrome
[2026-02-07 21:01:16,106] INFO: Driver [C:\Users\sebar\.wdm\drivers\chromedriver\win64\144.0.7559.133\chromedriver-win32/THIRD_PARTY_NOTICES.chromedriver] found in cache
[2026-02-07 21:01:17,315] INFO: [Indeed] Navegador Chrome inicializado
[2026-02-07 21:01:17,315] INFO: [Indeed] Abriendo: https://indeed.com/jobs?q=python developer&l=santiago
[2026-02-07 21:01:23,272] INFO: [Indeed] Encontradas 0 ofertas
[2026-02-07 21:01:25,404] INFO: [Indeed] Navegador cerrado
[2026-02-07 21:01:25,404] INFO: [Indeed] 0 ofertas extraídas
[2026-02-07 21:01:25,404] WARNING:   [ERROR] 0 ofertas extraídas
[2026-02-07 21:01:27,405] INFO: ====== WebDriver manager ======
[2026-02-07 21:01:27,999] INFO: Get LATEST chromedriver version for google-chrome
[2026-02-07 21:01:28,280] INFO: Get LATEST chromedriver version for google-chrome
[2026-02-07 21:01:28,566] INFO: Driver [C:\Users\sebar\.wdm\drivers\chromedriver\win64\144.0.7559.133\chromedriver-win32/THIRD_PARTY_NOTICES.chromedriver] found in cache
[2026-02-07 21:01:33,873] INFO: [Indeed] Navegador Chrome inicializado
[2026-02-07 21:01:33,873] INFO: [Indeed] Abriendo: https://indeed.com/jobs?q=python developer&l=chile
[2026-02-07 21:01:38,982] INFO: [Indeed] Encontradas 0 ofertas
[2026-02-07 21:01:41,117] INFO: [Indeed] Navegador cerrado
[2026-02-07 21:01:41,117] INFO: [Indeed] 0 ofertas extraídas
[2026-02-07 21:01:41,117] WARNING:   [ERROR] 0 ofertas extraídas
[2026-02-07 21:01:43,118] INFO: ====== WebDriver manager ======
[2026-02-07 21:01:43,729] INFO: Get LATEST chromedriver version for google-chrome
[2026-02-07 21:01:44,018] INFO: Get LATEST chromedriver version for google-chrome
[2026-02-07 21:01:44,313] INFO: Driver [C:\Users\sebar\.wdm\drivers\chromedriver\win64\144.0.7559.133\chromedriver-win32/THIRD_PARTY_NOTICES.chromedriver] found in cache
[2026-02-07 21:01:49,645] INFO: [Indeed] Navegador Chrome inicializado
[2026-02-07 21:01:49,645] INFO: [Indeed] Abriendo: https://indeed.com/jobs?q=python&l=santiago
[2026-02-07 21:01:54,588] INFO: [Indeed] Encontradas 0 ofertas
[2026-02-07 21:01:56,700] INFO: [Indeed] Navegador cerrado
[2026-02-07 21:01:56,700] INFO: [Indeed] 0 ofertas extraídas
[2026-02-07 21:01:56,700] WARNING:   [ERROR] 0 ofertas extraídas
[2026-02-07 21:01:58,701] INFO: ====== WebDriver manager ======
[2026-02-07 21:01:59,317] INFO: Get LATEST chromedriver version for google-chrome
[2026-02-07 21:01:59,604] INFO: Get LATEST chromedriver version for google-chrome
[2026-02-07 21:01:59,891] INFO: Driver [C:\Users\sebar\.wdm\drivers\chromedriver\win64\144.0.7559.133\chromedriver-win32/THIRD_PARTY_NOTICES.chromedriver] found in cache
[2026-02-07 21:02:05,194] INFO: [Indeed] Navegador Chrome inicializado
[2026-02-07 21:02:05,194] INFO: [Indeed] Abriendo: https://indeed.com/jobs?q=python&l=chile
[2026-02-07 21:02:11,301] INFO: [Indeed] Encontradas 0 ofertas
[2026-02-07 21:02:13,443] INFO: [Indeed] Navegador cerrado
[2026-02-07 21:02:13,443] INFO: [Indeed] 0 ofertas extraídas
[2026-02-07 21:02:13,443] WARNING:   [ERROR] 0 ofertas extraídas
[2026-02-07 21:02:15,445] INFO: 
================================================================================
[2026-02-07 21:02:15,445] INFO: TOTAL OFERTAS EXTRAÍDAS: 40
[2026-02-07 21:02:15,445] INFO: ================================================================================

[2026-02-07 21:02:15,445] INFO:   [OK] 40 ofertas de otras fuentes extraídas
[2026-02-07 21:02:15,448] INFO: 
[2/4] Iniciando Parser...
[2026-02-07 21:02:15,448] INFO: Iniciando procesamiento de 25 ofertas
[2026-02-07 21:02:19,366] WARNING: No se pudo acceder a https://cl.linkedin.com/jobs/view/desarrollador-back-end-at-bice-vida-4367523573, usando datos básicos
[2026-02-07 21:02:19,495] WARNING: No se pudo acceder a https://cl.linkedin.com/jobs/view/python-developer-senior-level-at-globant-4329442162, usando datos básicos
[2026-02-07 21:02:19,741] WARNING: No se pudo acceder a https://cl.linkedin.com/jobs/view/desarrollador-python-junior-trabajo-remoto-ref%23280789-at-bairesdev-4140199391, usando datos básicos
[2026-02-07 21:02:19,983] WARNING: No se pudo acceder a https://cl.linkedin.com/jobs/view/desarrollador-backend-python-at-avos-tech-chile-4196399571, usando datos básicos
[2026-02-07 21:02:20,456] WARNING: No se pudo acceder a https://cl.linkedin.com/jobs/view/desarrollador-full-stack-junior-at-wall-partners-4351192752, usando datos básicos
[2026-02-07 21:02:20,822] WARNING: No se pudo acceder a https://cl.linkedin.com/jobs/view/desarrollador-backend-python-odoo-senior-at-avos-tech-chile-4196605315, usando datos básicos
[2026-02-07 21:02:21,182] WARNING: No se pudo acceder a https://cl.linkedin.com/jobs/view/developer-full-stack-at-agilistik-4367275836, usando datos básicos
[2026-02-07 21:02:21,543] WARNING: No se pudo acceder a https://cl.linkedin.com/jobs/view/python-engineer-at-abaqus-4345926810, usando datos básicos
[2026-02-07 21:02:21,903] WARNING: No se pudo acceder a https://cl.linkedin.com/jobs/view/fullstack-python-at-tata-consultancy-services-4369244448, usando datos básicos
[2026-02-07 21:02:22,263] WARNING: No se pudo acceder a https://cl.linkedin.com/jobs/view/junior-python-developer-at-btg-pactual-chile-4340387486, usando datos básicos
[2026-02-07 21:02:24,518] INFO: [OK] Procesadas 25 ofertas (incompletas eliminadas)
[2026-02-07 21:02:24,518] INFO: [OK] Ofertas procesadas: 25
[2026-02-07 21:02:24,519] INFO: 
[3/4] Calculando Compatibilidad (Match Score + Proximidad)...
[2026-02-07 21:02:24,528] INFO: [OK] Compatibilidad calculada para 25 ofertas
[2026-02-07 21:02:24,529] INFO: 
==========================================================================================
[2026-02-07 21:02:24,529] INFO: RESULTADOS JOBSPEED - RANKING INTELIGENTE
[2026-02-07 21:02:24,529] INFO: ==========================================================================================
[2026-02-07 21:02:24,529] INFO: 
[RECOMENDADOS] - Mayor Compatibilidad Técnica
[2026-02-07 21:02:24,529] INFO: ------------------------------------------------------------------------------------------
[2026-02-07 21:02:24,529] INFO: 
#1. Oferta 4 - N/A
[2026-02-07 21:02:24,530] INFO:     Ubicación: N/A, N/A
[2026-02-07 21:02:24,530] INFO:     Score: 79.0% (Match: 100.0%)
[2026-02-07 21:02:24,530] INFO: 
#2. Oferta 5 - N/A
[2026-02-07 21:02:24,530] INFO:     Ubicación: N/A, N/A
[2026-02-07 21:02:24,530] INFO:     Score: 79.0% (Match: 100.0%)
[2026-02-07 21:02:24,530] INFO: 
==========================================================================================
[2026-02-07 21:02:24,530] INFO: 
[4/4] Iniciando Storage...
[2026-02-07 21:02:24,530] INFO:   Completando datos de ofertas...
[2026-02-07 21:02:24,531] INFO:   Ofertas por fuente:
[2026-02-07 21:02:24,531] INFO:     - LinkedIn: 15 ofertas
[2026-02-07 21:02:24,531] INFO:     - Chiletrabajos: 10 ofertas
[2026-02-07 21:02:24,533] INFO: CSV existente. Verificando duplicados...
[2026-02-07 21:02:24,537] INFO: [OK] Guardadas 25 nuevas ofertas en C:\Users\sebar\Desktop\Programacion\JobSpeed\data\ofertas.csv
[2026-02-07 21:02:24,552] INFO: Leídas 28 ofertas del CSV
[2026-02-07 21:02:24,553] INFO: [OK] CSV Actualizado. Estadísticas: {'total_ofertas': 28, 'empresas_unicas': 0, 'ciudades_unicas': 0, 'paises_unicos': 0, 'salarios_disponibles': 0}
[2026-02-07 21:02:24,553] INFO: 
================================================================================
[2026-02-07 21:02:24,553] INFO: PIPELINE EJECUTADO EXITOSAMENTE
[2026-02-07 21:02:24,553] INFO: Total de ofertas procesadas: 25
[2026-02-07 21:02:24,553] INFO: Empresas únicas: 0
[2026-02-07 21:02:24,554] INFO: Ciudades: 0
[2026-02-07 21:02:24,554] INFO: Países: 0
[2026-02-07 21:02:24,554] INFO: 
[TOP 3] MEJORES OFERTAS PARA TI:
[2026-02-07 21:02:24,554] INFO:   1. Oferta 4 - Score: 79.0%
[2026-02-07 21:02:24,554] INFO:   2. Oferta 5 - Score: 79.0%
[2026-02-07 21:02:24,554] INFO:   3. Oferta 1 - Score: 9.0%
[2026-02-07 21:02:24,554] INFO: ================================================================================
[2026-02-07 21:02:24,555] INFO: Conexión a BD cerrada
[2026-02-07 21:03:19,495] INFO: [INIT] Chrome encontrado en: C:\Program Files\Google\Chrome\Application\chrome.exe
[2026-02-07 21:03:19,496] INFO: ================================================================================
[2026-02-07 21:03:19,496] INFO: INICIANDO JOBSPEED - SPRINT 2
[2026-02-07 21:03:19,496] INFO: Timestamp: 2026-02-07 21:03:19
[2026-02-07 21:03:19,496] INFO: ================================================================================
[2026-02-07 21:03:19,496] INFO: 
[0/4] Conectando a Base de Datos...
[2026-02-07 21:03:19,497] INFO: Conectado a BD: data\jobspeed.db
[2026-02-07 21:03:19,498] INFO: [OK] Usuario conectado: Sebastian Alejandro Alvarez Aravena
[2026-02-07 21:03:19,498] INFO:   Carrera: Ingeniería en Informática
[2026-02-07 21:03:19,498] INFO:   Ubicación: Santiago, Chile
[2026-02-07 21:03:19,498] INFO: 
[1/4] Iniciando Multi-Source Collector (LinkedIn + Chiletrabajos + Trabajando + Indeed)...
[2026-02-07 21:03:19,498] INFO: 
  [1a] Recolectando de LinkedIn con Selenium...
[2026-02-07 21:03:19,498] INFO: [COLLECTOR] Iniciando extraccion de links: 'python developer' (Chile) -> 15
[2026-02-07 21:03:19,498] INFO: [COLLECTOR] Iniciando navegador Chrome...
[2026-02-07 21:03:19,499] INFO: ====== WebDriver manager ======
[2026-02-07 21:03:20,151] INFO: Get LATEST chromedriver version for google-chrome
[2026-02-07 21:03:20,446] INFO: Get LATEST chromedriver version for google-chrome
[2026-02-07 21:03:20,732] INFO: Driver [C:\Users\sebar\.wdm\drivers\chromedriver\win64\144.0.7559.133\chromedriver-win32/THIRD_PARTY_NOTICES.chromedriver] found in cache
[2026-02-07 21:03:21,757] INFO: [COLLECTOR] Navegador iniciado
[2026-02-07 21:03:21,757] INFO: [COLLECTOR] Accediendo a LinkedIn: https://www.linkedin.com/jobs/search/?keywords=python%20developer&location=Chile
[2026-02-07 21:03:25,966] INFO: [COLLECTOR] Scrolling para cargar ofertas...
[2026-02-07 21:03:28,501] INFO: [COLLECTOR] Extrayendo enlaces...
[2026-02-07 21:03:28,763] INFO: [COLLECTOR] Total enlaces extraidos: 15
[2026-02-07 21:03:28,763] INFO: [COLLECTOR] Total ofertas procesadas: 15
[2026-02-07 21:03:28,764] INFO: [COLLECTOR] Cerrando navegador Chrome...
[2026-02-07 21:03:35,170] INFO: [COLLECTOR] Deduplicacion: 15 enlaces unicos
[2026-02-07 21:03:35,170] INFO:   [OK] 15 ofertas de LinkedIn extraídas
[2026-02-07 21:03:35,170] INFO: 
  [1b] Recolectando de plataformas chilenas/latinas con Selenium (navegador real)...
[2026-02-07 21:03:35,171] INFO: ================================================================================
[2026-02-07 21:03:35,171] INFO: INICIANDO SCRAPING CON SELENIUM (NAVEGADOR REAL)
[2026-02-07 21:03:35,171] INFO: ================================================================================
[2026-02-07 21:03:35,171] INFO: 
[SCRAPING] CHILETRABAJOS...
[2026-02-07 21:03:35,171] INFO: ====== WebDriver manager ======
[2026-02-07 21:03:35,770] INFO: Get LATEST chromedriver version for google-chrome
[2026-02-07 21:03:36,055] INFO: Get LATEST chromedriver version for google-chrome
[2026-02-07 21:03:36,338] INFO: Driver [C:\Users\sebar\.wdm\drivers\chromedriver\win64\144.0.7559.133\chromedriver-win32/THIRD_PARTY_NOTICES.chromedriver] found in cache
[2026-02-07 21:03:37,562] INFO: [Chiletrabajos] Navegador Chrome inicializado
[2026-02-07 21:03:37,562] INFO: [Chiletrabajos] Abriendo: https://www.chiletrabajos.cl/?s=python developer&l=santiago
[2026-02-07 21:03:43,706] INFO: [Chiletrabajos] Encontradas 10 tarjetas de ofertas
[2026-02-07 21:03:46,164] INFO: [Chiletrabajos] Navegador cerrado
[2026-02-07 21:03:46,164] INFO: [Chiletrabajos] 10 ofertas extraídas
[2026-02-07 21:03:46,164] INFO:   [OK] 10 ofertas extraídas
[2026-02-07 21:03:48,165] INFO: ====== WebDriver manager ======
[2026-02-07 21:03:48,764] INFO: Get LATEST chromedriver version for google-chrome
[2026-02-07 21:03:49,050] INFO: Get LATEST chromedriver version for google-chrome
[2026-02-07 21:03:49,324] INFO: Driver [C:\Users\sebar\.wdm\drivers\chromedriver\win64\144.0.7559.133\chromedriver-win32/THIRD_PARTY_NOTICES.chromedriver] found in cache
[2026-02-07 21:03:54,618] INFO: [Chiletrabajos] Navegador Chrome inicializado
[2026-02-07 21:03:54,618] INFO: [Chiletrabajos] Abriendo: https://www.chiletrabajos.cl/?s=python developer&l=chile
[2026-02-07 21:03:59,765] INFO: [Chiletrabajos] Encontradas 10 tarjetas de ofertas
[2026-02-07 21:04:02,157] INFO: [Chiletrabajos] Navegador cerrado
[2026-02-07 21:04:02,157] INFO: [Chiletrabajos] 10 ofertas extraídas
[2026-02-07 21:04:02,157] INFO:   [OK] 10 ofertas extraídas
[2026-02-07 21:04:04,158] INFO: ====== WebDriver manager ======
[2026-02-07 21:04:04,759] INFO: Get LATEST chromedriver version for google-chrome
[2026-02-07 21:04:05,047] INFO: Get LATEST chromedriver version for google-chrome
[2026-02-07 21:04:05,330] INFO: Driver [C:\Users\sebar\.wdm\drivers\chromedriver\win64\144.0.7559.133\chromedriver-win32/THIRD_PARTY_NOTICES.chromedriver] found in cache
[2026-02-07 21:04:10,650] INFO: [Chiletrabajos] Navegador Chrome inicializado
[2026-02-07 21:04:10,650] INFO: [Chiletrabajos] Abriendo: https://www.chiletrabajos.cl/?s=python&l=santiago
[2026-02-07 21:04:15,946] INFO: [Chiletrabajos] Encontradas 10 tarjetas de ofertas
[2026-02-07 21:04:18,379] INFO: [Chiletrabajos] Navegador cerrado
[2026-02-07 21:04:18,379] INFO: [Chiletrabajos] 10 ofertas extraídas
[2026-02-07 21:04:18,379] INFO:   [OK] 10 ofertas extraídas
[2026-02-07 21:04:20,381] INFO: ====== WebDriver manager ======
[2026-02-07 21:04:20,997] INFO: Get LATEST chromedriver version for google-chrome
[2026-02-07 21:04:21,278] INFO: Get LATEST chromedriver version for google-chrome
[2026-02-07 21:04:21,564] INFO: Driver [C:\Users\sebar\.wdm\drivers\chromedriver\win64\144.0.7559.133\chromedriver-win32/THIRD_PARTY_NOTICES.chromedriver] found in cache
[2026-02-07 21:04:26,896] INFO: [Chiletrabajos] Navegador Chrome inicializado
[2026-02-07 21:04:26,896] INFO: [Chiletrabajos] Abriendo: https://www.chiletrabajos.cl/?s=python&l=chile
[2026-02-07 21:04:32,009] INFO: [Chiletrabajos] Encontradas 10 tarjetas de ofertas
[2026-02-07 21:04:34,425] INFO: [Chiletrabajos] Navegador cerrado
[2026-02-07 21:04:34,425] INFO: [Chiletrabajos] 10 ofertas extraídas
[2026-02-07 21:04:34,425] INFO:   [OK] 10 ofertas extraídas
[2026-02-07 21:04:36,427] INFO: 
[SCRAPING] TRABAJANDO...
[2026-02-07 21:04:36,427] INFO: ====== WebDriver manager ======
[2026-02-07 21:04:37,034] INFO: Get LATEST chromedriver version for google-chrome
[2026-02-07 21:04:37,319] INFO: Get LATEST chromedriver version for google-chrome
[2026-02-07 21:04:37,603] INFO: Driver [C:\Users\sebar\.wdm\drivers\chromedriver\win64\144.0.7559.133\chromedriver-win32/THIRD_PARTY_NOTICES.chromedriver] found in cache
[2026-02-07 21:04:38,816] INFO: [Trabajando.cl] Navegador Chrome inicializado
[2026-02-07 21:04:38,817] INFO: [Trabajando.cl] Abriendo: https://www.trabajando.cl/jobs?search=python developer&location=santiago
[2026-02-07 21:04:42,770] INFO: [Trabajando.cl] Encontradas 0 ofertas
[2026-02-07 21:04:44,887] INFO: [Trabajando.cl] Navegador cerrado
[2026-02-07 21:04:44,887] INFO: [Trabajando.cl] 0 ofertas extraídas
[2026-02-07 21:04:44,887] WARNING:   [ERROR] 0 ofertas extraídas
[2026-02-07 21:04:46,889] INFO: ====== WebDriver manager ======
[2026-02-07 21:04:47,487] INFO: Get LATEST chromedriver version for google-chrome
[2026-02-07 21:04:47,773] INFO: Get LATEST chromedriver version for google-chrome
[2026-02-07 21:04:48,069] INFO: Driver [C:\Users\sebar\.wdm\drivers\chromedriver\win64\144.0.7559.133\chromedriver-win32/THIRD_PARTY_NOTICES.chromedriver] found in cache
[2026-02-07 21:04:53,363] INFO: [Trabajando.cl] Navegador Chrome inicializado
[2026-02-07 21:04:53,363] INFO: [Trabajando.cl] Abriendo: https://www.trabajando.cl/jobs?search=python developer&location=chile
[2026-02-07 21:04:57,634] INFO: [Trabajando.cl] Encontradas 0 ofertas
[2026-02-07 21:04:59,768] INFO: [Trabajando.cl] Navegador cerrado
[2026-02-07 21:04:59,768] INFO: [Trabajando.cl] 0 ofertas extraídas
[2026-02-07 21:04:59,768] WARNING:   [ERROR] 0 ofertas extraídas
[2026-02-07 21:05:01,769] INFO: ====== WebDriver manager ======
[2026-02-07 21:05:02,377] INFO: Get LATEST chromedriver version for google-chrome
[2026-02-07 21:05:02,667] INFO: Get LATEST chromedriver version for google-chrome
[2026-02-07 21:05:02,952] INFO: Driver [C:\Users\sebar\.wdm\drivers\chromedriver\win64\144.0.7559.133\chromedriver-win32/THIRD_PARTY_NOTICES.chromedriver] found in cache
[2026-02-07 21:05:08,254] INFO: [Trabajando.cl] Navegador Chrome inicializado
[2026-02-07 21:05:08,254] INFO: [Trabajando.cl] Abriendo: https://www.trabajando.cl/jobs?search=python&location=santiago
[2026-02-07 21:05:13,511] INFO: [Trabajando.cl] Encontradas 0 ofertas
[2026-02-07 21:05:15,632] INFO: [Trabajando.cl] Navegador cerrado
[2026-02-07 21:05:15,632] INFO: [Trabajando.cl] 0 ofertas extraídas
[2026-02-07 21:05:15,632] WARNING:   [ERROR] 0 ofertas extraídas
[2026-02-07 21:05:17,633] INFO: ====== WebDriver manager ======
[2026-02-07 21:05:18,229] INFO: Get LATEST chromedriver version for google-chrome
[2026-02-07 21:05:18,521] INFO: Get LATEST chromedriver version for google-chrome
[2026-02-07 21:05:18,807] INFO: Driver [C:\Users\sebar\.wdm\drivers\chromedriver\win64\144.0.7559.133\chromedriver-win32/THIRD_PARTY_NOTICES.chromedriver] found in cache
[2026-02-07 21:05:24,100] INFO: [Trabajando.cl] Navegador Chrome inicializado
[2026-02-07 21:05:24,100] INFO: [Trabajando.cl] Abriendo: https://www.trabajando.cl/jobs?search=python&location=chile
[2026-02-07 21:05:27,902] INFO: [Trabajando.cl] Encontradas 0 ofertas
[2026-02-07 21:05:30,022] INFO: [Trabajando.cl] Navegador cerrado
[2026-02-07 21:05:30,022] INFO: [Trabajando.cl] 0 ofertas extraídas
[2026-02-07 21:05:30,022] WARNING:   [ERROR] 0 ofertas extraídas
[2026-02-07 21:05:32,023] INFO: 
[SCRAPING] INDEED...
[2026-02-07 21:05:32,023] INFO: ====== WebDriver manager ======
[2026-02-07 21:05:32,635] INFO: Get LATEST chromedriver version for google-chrome
[2026-02-07 21:05:32,916] INFO: Get LATEST chromedriver version for google-chrome
[2026-02-07 21:05:33,199] INFO: Driver [C:\Users\sebar\.wdm\drivers\chromedriver\win64\144.0.7559.133\chromedriver-win32/THIRD_PARTY_NOTICES.chromedriver] found in cache
[2026-02-07 21:05:34,423] INFO: [Indeed] Navegador Chrome inicializado
[2026-02-07 21:05:34,423] INFO: [Indeed] Abriendo: https://indeed.com/jobs?q=python developer&l=santiago
[2026-02-07 21:05:40,956] INFO: [Indeed] Encontradas 0 ofertas
[2026-02-07 21:05:43,095] INFO: [Indeed] Navegador cerrado
[2026-02-07 21:05:43,095] INFO: [Indeed] 0 ofertas extraídas
[2026-02-07 21:05:43,095] WARNING:   [ERROR] 0 ofertas extraídas
[2026-02-07 21:05:45,096] INFO: ====== WebDriver manager ======
[2026-02-07 21:05:45,690] INFO: Get LATEST chromedriver version for google-chrome
[2026-02-07 21:05:45,977] INFO: Get LATEST chromedriver version for google-chrome
[2026-02-07 21:05:46,260] INFO: Driver [C:\Users\sebar\.wdm\drivers\chromedriver\win64\144.0.7559.133\chromedriver-win32/THIRD_PARTY_NOTICES.chromedriver] found in cache
[2026-02-07 21:05:51,531] INFO: [Indeed] Navegador Chrome inicializado
[2026-02-07 21:05:51,531] INFO: [Indeed] Abriendo: https://indeed.com/jobs?q=python developer&l=chile
[2026-02-07 21:05:57,069] INFO: [Indeed] Encontradas 0 ofertas
[2026-02-07 21:05:59,204] INFO: [Indeed] Navegador cerrado
[2026-02-07 21:05:59,204] INFO: [Indeed] 0 ofertas extraídas
[2026-02-07 21:05:59,204] WARNING:   [ERROR] 0 ofertas extraídas
[2026-02-07 21:05:59,750] INFO: Conexión a BD cerrada
[2026-02-13 12:30:07,029] INFO: [INIT] Chrome encontrado en: C:\Program Files\Google\Chrome\Application\chrome.exe
[2026-02-13 12:30:07,029] INFO: ================================================================================
[2026-02-13 12:30:07,029] INFO: INICIANDO JOBSPEED - SPRINT 2
[2026-02-13 12:30:07,029] INFO: Timestamp: 2026-02-13 12:30:07
[2026-02-13 12:30:07,029] INFO: ================================================================================
[2026-02-13 12:30:07,029] INFO: 
[0/4] Conectando a Base de Datos...
[2026-02-13 12:30:07,029] INFO: Conectado a BD: data\jobspeed.db
[2026-02-13 12:30:07,042] INFO: [OK] Usuario conectado: Sebastian Alejandro Alvarez Aravena
[2026-02-13 12:30:07,042] INFO:   Carrera: Ingeniería en Informática
[2026-02-13 12:30:07,042] INFO:   Ubicación: Santiago, Chile
[2026-02-13 12:30:07,042] INFO: 
[1/4] Iniciando Multi-Source Collector (LinkedIn + Chiletrabajos + Trabajando + Indeed)...
[2026-02-13 12:30:07,042] INFO: 
  [1a] Recolectando de LinkedIn con Selenium...
[2026-02-13 12:30:07,042] INFO: [COLLECTOR] Iniciando extraccion de links: 'python developer' (Chile) -> 15
[2026-02-13 12:30:07,043] INFO: [COLLECTOR] Iniciando navegador Chrome...
[2026-02-13 12:30:07,043] INFO: ====== WebDriver manager ======
[2026-02-13 12:30:07,758] INFO: Get LATEST chromedriver version for google-chrome
[2026-02-13 12:30:08,145] INFO: Get LATEST chromedriver version for google-chrome
[2026-02-13 12:30:08,442] INFO: Get LATEST chromedriver version for google-chrome
[2026-02-13 12:30:09,195] INFO: WebDriver version 144.0.7559.133 selected
[2026-02-13 12:30:09,212] INFO: Modern chrome version https://storage.googleapis.com/chrome-for-testing-public/144.0.7559.133/win32/chromedriver-win32.zip
[2026-02-13 12:30:09,212] INFO: About to download new driver from https://storage.googleapis.com/chrome-for-testing-public/144.0.7559.133/win32/chromedriver-win32.zip
[2026-02-13 12:30:09,503] INFO: Driver downloading response is 200
[2026-02-13 12:30:09,594] INFO: Get LATEST chromedriver version for google-chrome
[2026-02-13 12:30:10,002] INFO: Driver has been saved in cache [C:\Users\sebar\.wdm\drivers\chromedriver\win64\144.0.7559.133]
[2026-02-13 12:30:13,012] INFO: [COLLECTOR] Navegador iniciado
[2026-02-13 12:30:13,012] INFO: [COLLECTOR] Accediendo a LinkedIn: https://www.linkedin.com/jobs/search/?keywords=python%20developer&location=Chile
[2026-02-13 12:30:17,440] INFO: [COLLECTOR] Scrolling para cargar ofertas...
[2026-02-13 12:30:19,964] INFO: [COLLECTOR] Extrayendo enlaces...
[2026-02-13 12:30:20,245] INFO: [COLLECTOR] Total enlaces extraidos: 15
[2026-02-13 12:30:20,245] INFO: [COLLECTOR] Total ofertas procesadas: 15
[2026-02-13 12:30:20,245] INFO: [COLLECTOR] Cerrando navegador Chrome...
[2026-02-13 12:30:26,594] INFO: [COLLECTOR] Deduplicacion: 15 enlaces unicos
[2026-02-13 12:30:26,594] INFO:   [OK] 15 ofertas de LinkedIn extraídas
[2026-02-13 12:30:26,594] INFO: 
  [1b] Recolectando de plataformas chilenas/latinas con Selenium (navegador real)...
[2026-02-13 12:30:26,594] INFO: ================================================================================
[2026-02-13 12:30:26,594] INFO: INICIANDO SCRAPING CON SELENIUM (NAVEGADOR REAL)
[2026-02-13 12:30:26,594] INFO: ================================================================================
[2026-02-13 12:30:26,594] INFO: 
[SCRAPING] CHILETRABAJOS...
[2026-02-13 12:30:26,594] INFO: ====== WebDriver manager ======
[2026-02-13 12:30:27,195] INFO: Get LATEST chromedriver version for google-chrome
[2026-02-13 12:30:27,485] INFO: Get LATEST chromedriver version for google-chrome
[2026-02-13 12:30:27,795] INFO: Driver [C:\Users\sebar\.wdm\drivers\chromedriver\win64\144.0.7559.133\chromedriver-win32/THIRD_PARTY_NOTICES.chromedriver] found in cache
[2026-02-13 12:30:29,324] INFO: [Chiletrabajos] Navegador Chrome inicializado
[2026-02-13 12:30:29,324] INFO: [Chiletrabajos] Abriendo: https://www.chiletrabajos.cl/?s=python developer&l=santiago
[2026-02-13 12:30:34,574] INFO: [Chiletrabajos] Encontradas 10 tarjetas de ofertas
[2026-02-13 12:30:37,012] INFO: [Chiletrabajos] Navegador cerrado
[2026-02-13 12:30:37,012] INFO: [Chiletrabajos] 10 ofertas extraídas
[2026-02-13 12:30:37,012] INFO:   [OK] 10 ofertas extraídas
[2026-02-13 12:30:39,013] INFO: ====== WebDriver manager ======
[2026-02-13 12:30:39,579] INFO: Get LATEST chromedriver version for google-chrome
[2026-02-13 12:30:39,866] INFO: Get LATEST chromedriver version for google-chrome
[2026-02-13 12:30:40,150] INFO: Driver [C:\Users\sebar\.wdm\drivers\chromedriver\win64\144.0.7559.133\chromedriver-win32/THIRD_PARTY_NOTICES.chromedriver] found in cache
[2026-02-13 12:30:45,646] INFO: [Chiletrabajos] Navegador Chrome inicializado
[2026-02-13 12:30:45,646] INFO: [Chiletrabajos] Abriendo: https://www.chiletrabajos.cl/?s=python developer&l=chile
[2026-02-13 12:30:51,458] INFO: [Chiletrabajos] Encontradas 10 tarjetas de ofertas
[2026-02-13 12:30:53,907] INFO: [Chiletrabajos] Navegador cerrado
[2026-02-13 12:30:53,907] INFO: [Chiletrabajos] 10 ofertas extraídas
[2026-02-13 12:30:53,907] INFO:   [OK] 10 ofertas extraídas
[2026-02-13 12:30:55,908] INFO: ====== WebDriver manager ======
[2026-02-13 12:30:56,496] INFO: Get LATEST chromedriver version for google-chrome
[2026-02-13 12:30:56,780] INFO: Get LATEST chromedriver version for google-chrome
[2026-02-13 12:30:57,063] INFO: Driver [C:\Users\sebar\.wdm\drivers\chromedriver\win64\144.0.7559.133\chromedriver-win32/THIRD_PARTY_NOTICES.chromedriver] found in cache
[2026-02-13 12:31:02,352] INFO: [Chiletrabajos] Navegador Chrome inicializado
[2026-02-13 12:31:02,352] INFO: [Chiletrabajos] Abriendo: https://www.chiletrabajos.cl/?s=python&l=santiago
[2026-02-13 12:31:07,621] INFO: [Chiletrabajos] Encontradas 10 tarjetas de ofertas
[2026-02-13 12:31:11,752] INFO: [Chiletrabajos] Navegador cerrado
[2026-02-13 12:31:11,752] INFO: [Chiletrabajos] 10 ofertas extraídas
[2026-02-13 12:31:11,752] INFO:   [OK] 10 ofertas extraídas
[2026-02-13 12:31:13,754] INFO: ====== WebDriver manager ======
[2026-02-13 12:31:14,356] INFO: Get LATEST chromedriver version for google-chrome
[2026-02-13 12:31:14,635] INFO: Get LATEST chromedriver version for google-chrome
[2026-02-13 12:31:14,912] INFO: Driver [C:\Users\sebar\.wdm\drivers\chromedriver\win64\144.0.7559.133\chromedriver-win32/THIRD_PARTY_NOTICES.chromedriver] found in cache
[2026-02-13 12:31:20,180] INFO: [Chiletrabajos] Navegador Chrome inicializado
[2026-02-13 12:31:20,180] INFO: [Chiletrabajos] Abriendo: https://www.chiletrabajos.cl/?s=python&l=chile
[2026-02-13 12:31:25,602] INFO: [Chiletrabajos] Encontradas 10 tarjetas de ofertas
[2026-02-13 12:31:28,057] INFO: [Chiletrabajos] Navegador cerrado
[2026-02-13 12:31:28,057] INFO: [Chiletrabajos] 10 ofertas extraídas
[2026-02-13 12:31:28,057] INFO:   [OK] 10 ofertas extraídas
[2026-02-13 12:31:30,059] INFO: 
[SCRAPING] TRABAJANDO...
[2026-02-13 12:31:30,059] INFO: ====== WebDriver manager ======
[2026-02-13 12:31:30,662] INFO: Get LATEST chromedriver version for google-chrome
[2026-02-13 12:31:30,948] INFO: Get LATEST chromedriver version for google-chrome
[2026-02-13 12:31:31,232] INFO: Driver [C:\Users\sebar\.wdm\drivers\chromedriver\win64\144.0.7559.133\chromedriver-win32/THIRD_PARTY_NOTICES.chromedriver] found in cache
[2026-02-13 12:31:32,484] INFO: [Trabajando.cl] Navegador Chrome inicializado
[2026-02-13 12:31:32,484] INFO: [Trabajando.cl] Abriendo: https://www.trabajando.cl/jobs?search=python developer&location=santiago
[2026-02-13 12:31:36,205] INFO: [Trabajando.cl] Encontradas 0 ofertas
[2026-02-13 12:31:38,315] INFO: [Trabajando.cl] Navegador cerrado
[2026-02-13 12:31:38,315] INFO: [Trabajando.cl] 0 ofertas extraídas
[2026-02-13 12:31:38,315] WARNING:   [ERROR] 0 ofertas extraídas
[2026-02-13 12:31:40,316] INFO: ====== WebDriver manager ======
[2026-02-13 12:31:40,895] INFO: Get LATEST chromedriver version for google-chrome
[2026-02-13 12:31:41,167] INFO: Get LATEST chromedriver version for google-chrome
[2026-02-13 12:31:41,449] INFO: Driver [C:\Users\sebar\.wdm\drivers\chromedriver\win64\144.0.7559.133\chromedriver-win32/THIRD_PARTY_NOTICES.chromedriver] found in cache
[2026-02-13 12:31:46,715] INFO: [Trabajando.cl] Navegador Chrome inicializado
[2026-02-13 12:31:46,715] INFO: [Trabajando.cl] Abriendo: https://www.trabajando.cl/jobs?search=python developer&location=chile
[2026-02-13 12:31:50,399] INFO: [Trabajando.cl] Encontradas 0 ofertas
[2026-02-13 12:31:52,513] INFO: [Trabajando.cl] Navegador cerrado
[2026-02-13 12:31:52,513] INFO: [Trabajando.cl] 0 ofertas extraídas
[2026-02-13 12:31:52,513] WARNING:   [ERROR] 0 ofertas extraídas
[2026-02-13 12:31:54,515] INFO: ====== WebDriver manager ======
[2026-02-13 12:31:55,079] INFO: Get LATEST chromedriver version for google-chrome
[2026-02-13 12:31:55,366] INFO: Get LATEST chromedriver version for google-chrome
[2026-02-13 12:31:55,649] INFO: Driver [C:\Users\sebar\.wdm\drivers\chromedriver\win64\144.0.7559.133\chromedriver-win32/THIRD_PARTY_NOTICES.chromedriver] found in cache
[2026-02-13 12:32:00,898] INFO: [Trabajando.cl] Navegador Chrome inicializado
[2026-02-13 12:32:00,898] INFO: [Trabajando.cl] Abriendo: https://www.trabajando.cl/jobs?search=python&location=santiago
[2026-02-13 12:32:04,935] INFO: [Trabajando.cl] Encontradas 0 ofertas
[2026-02-13 12:32:07,047] INFO: [Trabajando.cl] Navegador cerrado
[2026-02-13 12:32:07,047] INFO: [Trabajando.cl] 0 ofertas extraídas
[2026-02-13 12:32:07,047] WARNING:   [ERROR] 0 ofertas extraídas
[2026-02-13 12:32:09,048] INFO: ====== WebDriver manager ======
[2026-02-13 12:32:09,612] INFO: Get LATEST chromedriver version for google-chrome
[2026-02-13 12:32:09,900] INFO: Get LATEST chromedriver version for google-chrome
[2026-02-13 12:32:10,166] INFO: Driver [C:\Users\sebar\.wdm\drivers\chromedriver\win64\144.0.7559.133\chromedriver-win32/THIRD_PARTY_NOTICES.chromedriver] found in cache
[2026-02-13 12:32:15,412] INFO: [Trabajando.cl] Navegador Chrome inicializado
[2026-02-13 12:32:15,412] INFO: [Trabajando.cl] Abriendo: https://www.trabajando.cl/jobs?search=python&location=chile
[2026-02-13 12:32:19,414] INFO: [Trabajando.cl] Encontradas 0 ofertas
[2026-02-13 12:32:21,538] INFO: [Trabajando.cl] Navegador cerrado
[2026-02-13 12:32:21,538] INFO: [Trabajando.cl] 0 ofertas extraídas
[2026-02-13 12:32:21,538] WARNING:   [ERROR] 0 ofertas extraídas
[2026-02-13 12:32:23,539] INFO: 
[SCRAPING] INDEED...
[2026-02-13 12:32:23,539] INFO: ====== WebDriver manager ======
[2026-02-13 12:32:24,113] INFO: Get LATEST chromedriver version for google-chrome
[2026-02-13 12:32:24,395] INFO: Get LATEST chromedriver version for google-chrome
[2026-02-13 12:32:24,662] INFO: Driver [C:\Users\sebar\.wdm\drivers\chromedriver\win64\144.0.7559.133\chromedriver-win32/THIRD_PARTY_NOTICES.chromedriver] found in cache
[2026-02-13 12:32:25,879] INFO: [Indeed] Navegador Chrome inicializado
[2026-02-13 12:32:25,879] INFO: [Indeed] Abriendo: https://indeed.com/jobs?q=python developer&l=santiago
[2026-02-13 12:32:30,744] INFO: [Indeed] Encontradas 0 ofertas
[2026-02-13 12:32:32,879] INFO: [Indeed] Navegador cerrado
[2026-02-13 12:32:32,879] INFO: [Indeed] 0 ofertas extraídas
[2026-02-13 12:32:32,879] WARNING:   [ERROR] 0 ofertas extraídas
[2026-02-13 12:32:34,880] INFO: ====== WebDriver manager ======
[2026-02-13 12:32:35,457] INFO: Get LATEST chromedriver version for google-chrome
[2026-02-13 12:32:35,737] INFO: Get LATEST chromedriver version for google-chrome
[2026-02-13 12:32:36,018] INFO: Driver [C:\Users\sebar\.wdm\drivers\chromedriver\win64\144.0.7559.133\chromedriver-win32/THIRD_PARTY_NOTICES.chromedriver] found in cache
[2026-02-13 12:32:41,338] INFO: [Indeed] Navegador Chrome inicializado
[2026-02-13 12:32:41,338] INFO: [Indeed] Abriendo: https://indeed.com/jobs?q=python developer&l=chile
[2026-02-13 12:32:46,606] INFO: [Indeed] Encontradas 0 ofertas
[2026-02-13 12:32:48,742] INFO: [Indeed] Navegador cerrado
[2026-02-13 12:32:48,742] INFO: [Indeed] 0 ofertas extraídas
[2026-02-13 12:32:48,742] WARNING:   [ERROR] 0 ofertas extraídas
[2026-02-13 12:32:50,743] INFO: ====== WebDriver manager ======
[2026-02-13 12:32:51,312] INFO: Get LATEST chromedriver version for google-chrome
[2026-02-13 12:32:51,595] INFO: Get LATEST chromedriver version for google-chrome
[2026-02-13 12:32:51,878] INFO: Driver [C:\Users\sebar\.wdm\drivers\chromedriver\win64\144.0.7559.133\chromedriver-win32/THIRD_PARTY_NOTICES.chromedriver] found in cache
[2026-02-13 12:32:57,178] INFO: [Indeed] Navegador Chrome inicializado
[2026-02-13 12:32:57,178] INFO: [Indeed] Abriendo: https://indeed.com/jobs?q=python&l=santiago
[2026-02-13 12:33:02,512] INFO: [Indeed] Encontradas 0 ofertas
[2026-02-13 12:33:04,636] INFO: [Indeed] Navegador cerrado
[2026-02-13 12:33:04,636] INFO: [Indeed] 0 ofertas extraídas
[2026-02-13 12:33:04,636] WARNING:   [ERROR] 0 ofertas extraídas
[2026-02-13 12:33:06,637] INFO: ====== WebDriver manager ======
[2026-02-13 12:33:07,209] INFO: Get LATEST chromedriver version for google-chrome
[2026-02-13 12:33:07,489] INFO: Get LATEST chromedriver version for google-chrome
[2026-02-13 12:33:07,768] INFO: Driver [C:\Users\sebar\.wdm\drivers\chromedriver\win64\144.0.7559.133\chromedriver-win32/THIRD_PARTY_NOTICES.chromedriver] found in cache
[2026-02-13 12:33:13,036] INFO: [Indeed] Navegador Chrome inicializado
[2026-02-13 12:33:13,036] INFO: [Indeed] Abriendo: https://indeed.com/jobs?q=python&l=chile
[2026-02-13 12:33:18,764] INFO: [Indeed] Encontradas 0 ofertas
[2026-02-13 12:33:20,877] INFO: [Indeed] Navegador cerrado
[2026-02-13 12:33:20,877] INFO: [Indeed] 0 ofertas extraídas
[2026-02-13 12:33:20,877] WARNING:   [ERROR] 0 ofertas extraídas
[2026-02-13 12:33:22,879] INFO: 
================================================================================
[2026-02-13 12:33:22,879] INFO: TOTAL OFERTAS EXTRAÍDAS: 40
[2026-02-13 12:33:22,879] INFO: ================================================================================

[2026-02-13 12:33:22,879] INFO:   [OK] 40 ofertas de otras fuentes extraídas
[2026-02-13 12:33:22,882] INFO: 
[2/4] Iniciando Parser...
[2026-02-13 12:33:22,882] INFO: Iniciando procesamiento de 25 ofertas
[2026-02-13 12:33:30,714] WARNING: No se pudo acceder a https://cl.linkedin.com/jobs/view/full-stack-software-developer-engineer-at-talana-4328213365, usando datos básicos
[2026-02-13 12:33:31,103] WARNING: No se pudo acceder a https://cl.linkedin.com/jobs/view/full-stack-software-developer-engineer-at-talana-4357671508, usando datos básicos
[2026-02-13 12:33:31,498] WARNING: No se pudo acceder a https://cl.linkedin.com/jobs/view/backend-engineer-at-avos-tech-chile-4153173548, usando datos básicos
[2026-02-13 12:33:31,862] WARNING: No se pudo acceder a https://cl.linkedin.com/jobs/view/back-end-developer-cl-remote-at-core-code-io-4370678066, usando datos básicos
[2026-02-13 12:33:32,226] WARNING: No se pudo acceder a https://cl.linkedin.com/jobs/view/back-end-developer-python-at-anasac-4370778245, usando datos básicos
[2026-02-13 12:33:34,697] INFO: [OK] Procesadas 25 ofertas (incompletas eliminadas)
[2026-02-13 12:33:34,697] INFO: [OK] Ofertas procesadas: 25
[2026-02-13 12:33:34,698] INFO: 
[3/4] Calculando Compatibilidad (Match Score + Proximidad)...
[2026-02-13 12:33:34,710] INFO: [OK] Compatibilidad calculada para 25 ofertas
[2026-02-13 12:33:34,710] INFO: 
==========================================================================================
[2026-02-13 12:33:34,711] INFO: RESULTADOS JOBSPEED - RANKING INTELIGENTE
[2026-02-13 12:33:34,711] INFO: ==========================================================================================
[2026-02-13 12:33:34,711] INFO: 
[RECOMENDADOS] - Mayor Compatibilidad Técnica
[2026-02-13 12:33:34,711] INFO: ------------------------------------------------------------------------------------------
[2026-02-13 12:33:34,711] INFO: 
#1. Oferta 2 - N/A
[2026-02-13 12:33:34,712] INFO:     Ubicación: N/A, N/A
[2026-02-13 12:33:34,712] INFO:     Score: 79.0% (Match: 100.0%)
[2026-02-13 12:33:34,712] INFO: 
#2. Oferta 3 - N/A
[2026-02-13 12:33:34,712] INFO:     Ubicación: N/A, N/A
[2026-02-13 12:33:34,712] INFO:     Score: 79.0% (Match: 100.0%)
[2026-02-13 12:33:34,712] INFO: 
#3. Oferta 7 - N/A
[2026-02-13 12:33:34,712] INFO:     Ubicación: N/A, N/A
[2026-02-13 12:33:34,713] INFO:     Score: 79.0% (Match: 100.0%)
[2026-02-13 12:33:34,713] INFO: 
==========================================================================================
[2026-02-13 12:33:34,713] INFO: 
[4/4] Iniciando Storage...
[2026-02-13 12:33:34,713] INFO:   Completando datos de ofertas...
[2026-02-13 12:33:34,713] INFO:   Ofertas por fuente:
[2026-02-13 12:33:34,713] INFO:     - LinkedIn: 15 ofertas
[2026-02-13 12:33:34,713] INFO:     - Chiletrabajos: 10 ofertas
[2026-02-13 12:33:34,725] INFO: CSV existente. Verificando duplicados...
[2026-02-13 12:33:34,753] INFO: [OK] Guardadas 24 nuevas ofertas en C:\Users\sebar\Desktop\Programacion\JobSpeed\data\ofertas.csv
[2026-02-13 12:33:34,766] INFO: Leídas 52 ofertas del CSV
[2026-02-13 12:33:34,768] INFO: [OK] CSV Actualizado. Estadísticas: {'total_ofertas': 52, 'empresas_unicas': 0, 'ciudades_unicas': 0, 'paises_unicos': 0, 'salarios_disponibles': 0}
[2026-02-13 12:33:34,768] INFO: 
================================================================================
[2026-02-13 12:33:34,768] INFO: PIPELINE EJECUTADO EXITOSAMENTE
[2026-02-13 12:33:34,768] INFO: Total de ofertas procesadas: 25
[2026-02-13 12:33:34,768] INFO: Empresas únicas: 0
[2026-02-13 12:33:34,769] INFO: Ciudades: 0
[2026-02-13 12:33:34,769] INFO: Países: 0
[2026-02-13 12:33:34,769] INFO: 
[TOP 3] MEJORES OFERTAS PARA TI:
[2026-02-13 12:33:34,769] INFO:   1. Oferta 2 - Score: 79.0%
[2026-02-13 12:33:34,769] INFO:   2. Oferta 3 - Score: 79.0%
[2026-02-13 12:33:34,769] INFO:   3. Oferta 7 - Score: 79.0%
[2026-02-13 12:33:34,770] INFO: ================================================================================
[2026-02-13 12:33:34,770] INFO: Conexión a BD cerrada
